url,domain,title,first_seen,last_seen,citations,score,competitors,state,state_changed,listed_at,note
https://apps.apple.com/us/app/diarium-journal-private-diary/id1436044299,apple.com,apple.com,2026-09-10T08:31:10,2026-10-05T10:49:16,240,492.0,"[""Apple Journal"", ""Day One"", ""Daylio"", ""Journey"", ""Otter"", ""Reflectly"", ""Rosebud"", ""Stoic""]",new,2026-09-10T08:31:10,,
https://apps.apple.com/us/app/local-journal-private-diary/id6760919814,apple.com,apple.com,2026-08-16T22:46:34,2026-08-31T10:43:19,21,52.5,"[""Apple Journal"", ""Day One"", ""Daylio"", ""Journey"", ""Otter"", ""Rosebud"", ""Stoic""]",new,2026-08-16T22:46:34,,
https://apps.apple.com/us/app/quick-journal-just-write/id6554003659,apple.com,apple.com,2026-09-03T08:26:35,2026-09-07T08:39:28,71,152.5,"[""Apple Journal"", ""Day One"", ""Daylio"", ""Journey"", ""Reflectly"", ""Rosebud"", ""Stoic""]",new,2026-09-03T08:26:35,,
https://ashutoshtales.medium.com/journal-without-writing-3-apps-for-effortless-audio-journaling-92c8c8c051c2,medium.com,medium.com,2026-09-21T09:18:37,2026-10-08T11:05:19,37,90.0,"[""Apple Journal"", ""Day One"", ""Daylio"", ""Journey"", ""Otter"", ""Reflectly"", ""Rosebud"", ""Stoic""]",new,2026-09-21T09:18:37,,
https://blog.mylifenote.ai/kin-ai-alternative/,mylifenote.ai,mylifenote.ai,2026-09-07T08:39:28,2026-09-07T08:39:28,6,22.0,"[""Apple Journal"", ""Day One"", ""Rosebud"", ""Stoic""]",new,2026-09-07T08:39:28,,
https://blog.mylifenote.ai/rosebud-journal-alternative/,mylifenote.ai,mylifenote.ai,2026-09-03T08:26:35,2026-09-03T08:26:35,5,16.0,"[""Apple Journal"", ""Day One"", ""Rosebud"", ""Stoic""]",new,2026-09-03T08:26:35,,
https://deepjournal.app/blog/best-private-journaling-apps-in-2026,deepjournal.app,deepjournal.app,2026-08-16T22:46:34,2026-10-08T11:05:19,29,68.5,"[""Apple Journal"", ""Day One"", ""Daylio"", ""Journey"", ""Reflectly"", ""Rosebud"", ""Stoic""]",new,2026-08-16T22:46:34,,
https://emosapien.com/resources/best-journaling-apps-therapy/,emosapien.com,emosapien.com,2026-09-03T08:26:35,2026-09-03T08:26:35,2,17.0,"[""Apple Journal"", ""Day One"", ""Daylio"", ""Reflectly"", ""Rosebud"", ""Stoic""]",new,2026-09-03T08:26:35,,
https://github.com/journiv/journiv-app,github.com,github.com,2026-09-10T08:31:10,2026-10-08T11:05:19,41,93.5,"[""Apple Journal"", ""Day One"", ""Reflectly"", ""Rosebud"", ""Stoic""]",new,2026-09-10T08:31:10,,
https://helloanticipate.com/mood-diary-app/,helloanticipate.com,helloanticipate.com,2026-09-17T09:04:08,2026-10-08T11:05:19,30,66.0,"[""Day One"", ""Daylio"", ""Reflectly"", ""Rosebud""]",new,2026-09-17T09:04:08,,
https://helloanticipate.com/private-journaling-app/,helloanticipate.com,helloanticipate.com,2026-09-03T08:26:35,2026-09-10T08:31:10,13,32.0,"[""Apple Journal"", ""Daylio"", ""Reflectly"", ""Rosebud""]",new,2026-09-03T08:26:35,,
https://journalinghabit.com/best-voice-journal-apps-2026/,journalinghabit.com,journalinghabit.com,2026-08-17T02:45:52,2026-10-08T11:05:19,34,74.0,"[""Apple Journal"", ""Day One"", ""Otter"", ""Rosebud""]",new,2026-08-17T02:45:52,,
https://journallm.app/,journallm.app,journallm.app,2026-09-24T08:52:59,2026-10-08T11:05:19,29,65.5,"[""Apple Journal"", ""Day One"", ""Reflectly"", ""Rosebud"", ""Stoic""]",new,2026-09-24T08:52:59,,
https://knowyourethos.com/blog/best-voice-journaling-apps-2026,knowyourethos.com,knowyourethos.com,2026-08-16T22:46:34,2026-08-31T10:43:19,6,18.0,"[""Apple Journal"", ""Day One"", ""Otter"", ""Rosebud""]",new,2026-08-16T22:46:34,,
https://lound.ai/blog/best-rosebud-alternatives-2026/,lound.ai,lound.ai,2026-09-17T09:04:08,2026-09-24T08:52:59,42,94.5,"[""Apple Journal"", ""Day One"", ""Daylio"", ""Otter"", ""Reflectly"", ""Rosebud"", ""Stoic""]",new,2026-09-17T09:04:08,,
https://lound.ai/blog/best-voice-journal-app-for-iphone-2026/,lound.ai,lound.ai,2026-09-07T08:39:28,2026-09-14T09:16:51,29,72.5,"[""Apple Journal"", ""Day One"", ""Daylio"", ""Otter"", ""Reflectly"", ""Rosebud"", ""Stoic""]",new,2026-09-07T08:39:28,,
https://lound.ai/blog/most-private-journaling-apps-2026/,lound.ai,lound.ai,2026-09-28T10:09:19,2026-10-08T11:05:19,50,112.0,"[""Apple Journal"", ""Day One"", ""Daylio"", ""Journey"", ""Otter"", ""Reflectly"", ""Rosebud"", ""Stoic""]",new,2026-09-28T10:09:19,,
https://medium.com/@didrik.hellman23/privacy-first-journaling-apps-how-the-main-options-actually-compare-7e21a316be2c,medium.com,medium.com,2026-08-16T22:46:34,2026-09-17T09:04:08,19,52.5,"[""Apple Journal"", ""Day One"", ""Daylio"", ""Journey"", ""Reflectly"", ""Rosebud"", ""Stoic""]",new,2026-08-16T22:46:34,,
https://mindsera.com/articles/the-best-journaling-apps-for-mental-health-in-2026,mindsera.com,mindsera.com,2026-10-01T10:33:30,2026-10-08T11:05:19,29,68.5,"[""Apple Journal"", ""Day One"", ""Daylio"", ""Journey"", ""Reflectly"", ""Rosebud"", ""Stoic""]",new,2026-10-01T10:33:30,,
https://moodquad.com/,moodquad.com,moodquad.com,2026-09-03T08:26:35,2026-09-03T08:26:35,3,16.0,"[""Apple Journal"", ""Daylio"", ""Reflectly"", ""Rosebud""]",new,2026-09-03T08:26:35,,
https://speakwiseapp.com/blog/best-ai-voice-journaling-app-2026,speakwiseapp.com,speakwiseapp.com,2026-08-16T22:46:34,2026-08-31T10:43:19,8,23.5,"[""Apple Journal"", ""Day One"", ""Daylio"", ""Otter"", ""Rosebud""]",new,2026-08-16T22:46:34,,
https://vertexaisearch.cloud.google.com/grounding-api-redirect/AUZIYQE-oWVkEiN7rF1v5-RDptSYBHq4rqC9tAVrc6UwJnxbj6zXB55SWGiawpXvGFAePDs-VHC-_xn4JhD9UOlEVYsrcidFM3Jm8B0W9MtNg09c3sTKhyfaZC1SrOmKWaStCXXGvb7A_ek-CNRQUmkWrbcFhLftyYoOjc4MITbHaL6Bs0MvTv6qAri3m8uB9pvGm8UbpxSAd2Eoczc44CHesL1b_TB21jaxyESuUVgU6WiDc3Y95lTS5I_E,denverwellnesscounseling.com,denverwellnesscounseling.com,2026-10-08T11:05:19,2026-10-08T11:05:19,14,38.5,"[""Apple Journal"", ""Day One"", ""Daylio"", ""Journey"", ""Reflectly"", ""Rosebud"", ""Stoic""]",new,2026-10-08T11:05:19,,
https://vertexaisearch.cloud.google.com/grounding-api-redirect/AUZIYQE0ej-w5xVMLCu4ABLWAb_-k0gcrFDmYtnkLVv6teYdhjzM8B7WQoL1Wxr8Ix_rDHM_i5ZnW2r-QB0I7ciQhnY38_xY5ZVrADSlRhuNliY=,mindbank.ai,mindbank.ai,2026-09-21T09:18:37,2026-10-08T11:05:19,12,27.0,"[""Day One"", ""Rosebud""]",new,2026-09-21T09:18:37,,
https://vertexaisearch.cloud.google.com/grounding-api-redirect/AUZIYQE1_54JHQQocG0-cZQngXO8CgvHsyAKx2N4cfs3FOL0jgEYJakyajG1_NqqP_GuR6A1VqQWWS27FQNdvmfhxLTMroxfkeZlPAsmUhDk-xq5z4xSCG8SK5TpzaTt3Bsst9GyR0a2APMt7E2gEphqIxHLqwhY1IPC5IWMa5926YZ8IZKiDon0,omgitsderek.com,omgitsderek.com,2026-10-05T10:49:16,2026-10-08T11:05:19,2,7.0,"[""Day One"", ""Rosebud""]",new,2026-10-05T10:49:16,,
https://vertexaisearch.cloud.google.com/grounding-api-redirect/AUZIYQE1nUktO5jGymPlSMM0EKUQww20PuWCDbNUaeNbKlzHzyYIJImsAFaLiy8CuiG5F1I9FEgktzQJFMicXVHMDYRuUCdWEXhAMnoNp0bb,joplinapp.org,joplinapp.org,2026-09-24T08:52:59,2026-10-08T11:05:19,12,27.0,"[""Apple Journal"", ""Day One""]",new,2026-09-24T08:52:59,,
https://vertexaisearch.cloud.google.com/grounding-api-redirect/AUZIYQE3-VGWkds71DsW0KL0GeUbMgj1_8xqC3jMYP5uMLGFZMxS8kXrG-kBeJgd21PvWP9vY_Wd-3ItKdyfAoetR7keeZa3w7Do4W6WoyjaQ-01bHdTYK5NwQbLKfSfg-3gSadRvLem7ODKzSrIR3QwiUtqp2xWN-DBFlCZwx4v93Tpfr2ZZf8=,macrumors.com,macrumors.com,2026-10-08T11:05:19,2026-10-08T11:05:19,6,22.5,"[""Apple Journal"", ""Day One"", ""Daylio"", ""Journey"", ""Reflectly"", ""Rosebud"", ""Stoic""]",new,2026-10-08T11:05:19,,
https://vertexaisearch.cloud.google.com/grounding-api-redirect/AUZIYQE3D-fXYJpvD8pVX0a51M383NR6BwwV7tJJ0sV87t3yTj3Cq_vyf14YAzK7KDWNyc2Z8jKlGhlewB0eufRihz_DRviaRLUE0WAgfiH-ulUTtKZCjYzmB6XpMIH0Z7PmVFoTojovNBUoJQXXOqyvDbvfsVtqyLF35tZ9fXYB,9to5mac.com,9to5mac.com,2026-09-03T08:26:35,2026-10-01T10:33:30,9,24.0,"[""Apple Journal"", ""Day One"", ""Journey"", ""Stoic""]",new,2026-09-03T08:26:35,,
https://vertexaisearch.cloud.google.com/grounding-api-redirect/AUZIYQE4AmZIrFnCH1FsdqM0Il0YOPC_6hFp_PLKjR3LAVlEFqt2gp3PXUGuJvXxreZsIXsfnCJIKQ3HVox66CdBirwqxJW2BN85wwXSXQebax_Xayj7Ie65CLUE6RWMV5GdKMr_8zNATptjyRw=,balancejournal.app,balancejournal.app,2026-10-08T11:05:19,2026-10-08T11:05:19,12,30.0,"[""Apple Journal"", ""Day One"", ""Rosebud"", ""Stoic""]",new,2026-10-08T11:05:19,,
https://vertexaisearch.cloud.google.com/grounding-api-redirect/AUZIYQE4qKWpbUEOCyzyM5BSnw9-34PI-LNh0aMYnP4ZZuOYrIwWxMiveu425GF34TFbu9b3s_-n0-1BAC7Y5EeadiWFTsJccrxzg1gVrytHAeQ48hwWW68U1G76HyZ1j9MzH1lErjyWAS5NvtEGPP-LRiODbJtCtpu6,empathdash.com,empathdash.com,2026-09-24T08:52:59,2026-10-08T11:05:19,17,46.0,"[""Apple Journal"", ""Day One"", ""Daylio"", ""Journey"", ""Otter"", ""Reflectly"", ""Rosebud"", ""Stoic""]",new,2026-09-24T08:52:59,,
https://vertexaisearch.cloud.google.com/grounding-api-redirect/AUZIYQE4sgZUilDFWdgif_PamQyFj0vpRKeF-yxwNBwmaoRbcEJXxNmy9DQIBxPzeOh-v66Y15opJMOw_XFUEYIMF4HrjQIIReZxvvW37n1TD9rFOWzjtrgA2u0_0nCaEyU-aokOKTs3mzA9bMoNyIl1R9iK46RGCqczMdNIlzAo2pot7OArtbpSZwbjFsayUzl3zvNUBUiUrP_I_HDlwrYGn-0HIXQ=,singularityhub.com,singularityhub.com,2026-09-28T10:09:19,2026-10-05T10:49:16,2,7.0,"[""Day One"", ""Rosebud""]",new,2026-09-28T10:09:19,,
https://vertexaisearch.cloud.google.com/grounding-api-redirect/AUZIYQE4uRQ6qKqqEGtTvxCx0eGNoS38-vghCDGgG5B7u0o8i6E6BhhsLH2uFDZA7gAyMEiNocQtgI08FvdDx6-cH8XGEctfT92Jt8ubFIZ7MnrptcpdFIHRDVWff61EkrRZGN2hwIAn56SumXPZf1Nq,pensio.app,pensio.app,2026-10-01T10:33:30,2026-10-08T11:05:19,13,35.0,"[""Apple Journal"", ""Day One"", ""Daylio"", ""Reflectly"", ""Rosebud"", ""Stoic""]",new,2026-10-01T10:33:30,,
https://vertexaisearch.cloud.google.com/grounding-api-redirect/AUZIYQE5K6pUu8_PWqXDdhOBYyuNFnEvfYglwhrKvAlh-IpUv7LQza3KV-gPHDdzSYi-XOBazJI29j1qqo5c-w1iM-iLW2eT63-1SD9wGcuqPgDFIoXv_LgKva-zSbtv0DdSlX7v_Gtx9A77oEQnlYF0GvmMdtgNkBpi,deepjournal.app,deepjournal.app,2026-09-21T09:18:37,2026-09-21T09:18:37,17,44.5,"[""Apple Journal"", ""Day One"", ""Daylio"", ""Journey"", ""Reflectly"", ""Rosebud"", ""Stoic""]",new,2026-09-21T09:18:37,,
https://vertexaisearch.cloud.google.com/grounding-api-redirect/AUZIYQE5Rrfm7K_LoNNB-uw79wu2x4W-coJLSuctVnaHgyz4LzWHzaCM6BVLUtSR2oFEVkrrRAXY6rFtsXhjyRG6ws0nWpU2cO6kz6e7s3dNxeiRflYFASe6LNme0NjyizM_FQSNdw==,blink.new,blink.new,2026-10-05T10:49:16,2026-10-08T11:05:19,2,7.0,"[""Day One"", ""Rosebud""]",new,2026-10-05T10:49:16,,
https://vertexaisearch.cloud.google.com/grounding-api-redirect/AUZIYQE5uCfLAzxh8QnfxOX126DmppXUVAHl5JdCx9cLhN6RfwHzHIYHG93qaRhRVQ8O7hMJCKzmZQhoJJ26gSTDFkGgDGpYYX0z5Wcin-opWzAP0zBQr-6iPE1Yi-khjqfczLYSJw==,medevel.com,medevel.com,2026-10-08T11:05:19,2026-10-08T11:05:19,3,9.0,"[""Apple Journal"", ""Day One""]",new,2026-10-08T11:05:19,,
https://vertexaisearch.cloud.google.com/grounding-api-redirect/AUZIYQE6_woFLTrpZ79N2uouz3hwMrdgvz0DMLpyoS_iYKHOr0_MCWBA29PHl9ihg4xpQu1fDWxc6VA2SOL3uq08C-P8aq8RGILbBJDkQ5hZmuJ8PSXK2VZuurVSgWcSYCSxmle_7bRGjTebd7Fm5302VdmOZIRKw5I=,speakwiseapp.com,speakwiseapp.com,2026-09-17T09:04:08,2026-10-08T11:05:19,16,42.0,"[""Apple Journal"", ""Day One"", ""Otter"", ""Rosebud""]",new,2026-09-17T09:04:08,,
https://vertexaisearch.cloud.google.com/grounding-api-redirect/AUZIYQE7aoEqppBmqbVoGiTHBmyE8pzF9zYBHZbTHm6pjw-J7rkqw1m6MYx7Y98xpkae7bkhocTwHHMhkMAMeBR-BEGTqE8vvJ-ibp0-xIEvSpWo_UUvgQI6yJ1Kkto1rnEohKab53r-pzJv03KGXN1L9raD4ZPlGEhacCXtI6wU,voicenotes.com,voicenotes.com,2026-09-28T10:09:19,2026-10-05T10:49:16,2,12.5,"[""Apple Journal"", ""Day One"", ""Rosebud""]",new,2026-09-28T10:09:19,,
https://vertexaisearch.cloud.google.com/grounding-api-redirect/AUZIYQE7i6O8RlsU0-b8EoiDXrEPaGW1b507_kxCpFBjaO2Xq7gW794Y4eCIFWWEKZptLv6BoiJI-Zk6ynU85AyekzytVHe7XTOsugaECVRTw06yvx-7kpgsu9erdWos6XZt,github.com,github.com,2026-09-03T08:26:35,2026-09-07T08:39:28,6,16.5,"[""Apple Journal"", ""Day One"", ""Rosebud""]",new,2026-09-03T08:26:35,,
https://vertexaisearch.cloud.google.com/grounding-api-redirect/AUZIYQE7ntj6C1R_A0ej3Cfmc1UIExgMRlJjEWMHKLF83Wx7JcRxmQd7wZNuHJIMTm2UkPtuJfbshGLeT_78HPQ9vixYDPoZ-SHNO3qS2CotxcsglwFAPzmrcFd5Fku0GcTZXvizExO3QZ6nS1azaMiOPzLvNjA=,unwindly.app,unwindly.app,2026-08-16T22:46:34,2026-08-31T10:43:19,5,16.0,"[""Apple Journal"", ""Day One"", ""Daylio"", ""Journey""]",new,2026-08-16T22:46:34,,
https://vertexaisearch.cloud.google.com/grounding-api-redirect/AUZIYQE7pKaPJNwOUauNYe-P8tA1Vj4zdNtjXU9B1epDuhRzl1o-vfR7uU8RLZYDB4xXMvB35uiK0AFbQmNIvv1dWHbocmkqhrstnP90m8mKgFscLu1KyYw2NMj9ddDLK6zYyVpppYH81v2nkWBbQbZOd5qW7SaS5pWg,holstee.com,holstee.com,2026-09-28T10:09:19,2026-10-08T11:05:19,20,52.0,"[""Apple Journal"", ""Day One"", ""Daylio"", ""Journey"", ""Otter"", ""Reflectly"", ""Rosebud"", ""Stoic""]",new,2026-09-28T10:09:19,,
https://vertexaisearch.cloud.google.com/grounding-api-redirect/AUZIYQE893I6xqdtIhXQPwrBK97NW4OqQfCtmGPfYMo8Uh1qGjbHwrH_EHL7fZ9IfsPmI9alWbLcKK05xBsB_0-vx71do9BPQa5wiJ11ebC1GujOphqJ3CLrqdxFOEhxF7plsSLuy9ETjtWZgLwHDyVIb5UmKA==,reflection.app,reflection.app,2026-09-24T08:52:59,2026-10-05T10:49:16,21,54.0,"[""Apple Journal"", ""Day One"", ""Daylio"", ""Journey"", ""Otter"", ""Reflectly"", ""Rosebud"", ""Stoic""]",new,2026-09-24T08:52:59,,
https://vertexaisearch.cloud.google.com/grounding-api-redirect/AUZIYQE8F0H0rTGEVg1sneLDCZeAdY9pW21wj28nIBtbCpoAL4q6eJU4yVjghKyQB6mD96gUm1BWap6xbX6PsxWh9cWQBoq1SvCfi-QmfiRBKmJpeh4=,nuju.app,nuju.app,2026-10-01T10:33:30,2026-10-08T11:05:19,10,29.0,"[""Apple Journal"", ""Day One"", ""Daylio"", ""Otter"", ""Reflectly"", ""Rosebud""]",new,2026-10-01T10:33:30,,
https://vertexaisearch.cloud.google.com/grounding-api-redirect/AUZIYQE91fkQYXzbINNttW1eBZuuH4RMY_nW-0_cBvbeHU8OgDHtN6gL2V1s6oDENXvjhGWoOAJ9NldDrpzVX_43_UuRvuJB7EfnbaJxrGC8q89hHKUhvGjlUlhDw3NF7X29l4f6JIgM4tm1JDY=,balancejournal.app,balancejournal.app,2026-10-01T10:33:30,2026-10-05T10:49:16,11,28.0,"[""Apple Journal"", ""Day One"", ""Rosebud"", ""Stoic""]",new,2026-10-01T10:33:30,,
https://vertexaisearch.cloud.google.com/grounding-api-redirect/AUZIYQE9dGTYJ6aVl7sYaHKdUE6-HKZvrqu36mGlAkdagmz4-n9VCWvnsaX_OD0g6K1xGHfYNBB5615YNhbRRSg3FWKd3a-uZpBmIU4W7uTTSQ2P2rjneptCZMzM4cWx4E2I5A==,cozyjournal.app,cozyjournal.app,2026-10-01T10:33:30,2026-10-08T11:05:19,2,10.0,"[""Day One"", ""Daylio"", ""Reflectly"", ""Rosebud""]",new,2026-10-01T10:33:30,,
https://vertexaisearch.cloud.google.com/grounding-api-redirect/AUZIYQE9dMbqXlU6imrLPWiWjHOeOmf6F8Qnz8Bl18WQH_mHF15Xq9jgY9HwQLZy0eOuvv_3oU28nKFWKX-F0_bV82cFRNzqXP0oG8z9K4hDSPm32Ivo9nVsBq5ZJ9I7YzKwnh9iNTHdIybJIFyZZJc53A==,vowise.com,vowise.com,2026-09-03T08:26:35,2026-09-21T09:18:37,11,32.0,"[""Apple Journal"", ""Day One"", ""Otter"", ""Rosebud""]",new,2026-09-03T08:26:35,,
https://vertexaisearch.cloud.google.com/grounding-api-redirect/AUZIYQE9i9odHjlzUhZS0m5F3E51pUoQliUvcYFdl4QtPcM0cgFiSOkp5Fgz2c5iVzw5r2DZjr43gRD8NyIysVSs86EtKjgxVh17WwinBLGifaJrwTUmrfEcCRyl2FxLIS_eFOfF9a5I,mylifenote.ai,mylifenote.ai,2026-09-10T08:31:10,2026-10-05T10:49:16,11,33.5,"[""Apple Journal"", ""Day One"", ""Otter"", ""Rosebud"", ""Stoic""]",new,2026-09-10T08:31:10,,
https://vertexaisearch.cloud.google.com/grounding-api-redirect/AUZIYQE9rxiSTaLmTxvHn_cLg3teT6Qs3Q-dKCVdwMbF-Ddc9hLOq3SFu1oym-wuBrWBS39zj0aJudj0olYz67vSPa3k8kzYghZwfJz-IJwryv5009ryfVQS_Cni9WN4ECz60xBNRPWxZok0FW4hV9H75oNauJvq,emosapien.com,emosapien.com,2026-09-07T08:39:28,2026-10-01T10:33:30,15,44.5,"[""Apple Journal"", ""Day One"", ""Daylio"", ""Journey"", ""Reflectly"", ""Rosebud"", ""Stoic""]",new,2026-09-07T08:39:28,,
https://vertexaisearch.cloud.google.com/grounding-api-redirect/AUZIYQEBBnNFORa1vDvP3u_aZDRr6ZOS8gdWwWbgzgdmJMI2sEzV0q1gM-fB80lFBRtfVV-xGMcEt7XFSs3Q7x4McSicUc5wEqE3kd5zY7BSG61uQoUeonwKcLr3CZe5d30jHg1k1nE=,zapier.com,zapier.com,2026-09-21T09:18:37,2026-10-08T11:05:19,8,25.0,"[""Apple Journal"", ""Day One"", ""Journey"", ""Reflectly"", ""Rosebud"", ""Stoic""]",new,2026-09-21T09:18:37,,
https://vertexaisearch.cloud.google.com/grounding-api-redirect/AUZIYQEC13Z-4wLnlY1G2ZIPlKG1NBQDipwNOTRNZlamqscEunQnozx-GxjxVMRiSOoT3XqnrGTeflVwoSRnCr1idXt_hCi035Eyq0aRTw4AkV0TwTCLtxAko-exCskBx4uI42Kaxw1Teu-k,mini-diarium.com,mini-diarium.com,2026-10-01T10:33:30,2026-10-08T11:05:19,4,12.5,"[""Apple Journal"", ""Day One"", ""Journey""]",new,2026-10-01T10:33:30,,
https://vertexaisearch.cloud.google.com/grounding-api-redirect/AUZIYQECB70fvnk3hsQlScz7wQVzBpVzkDG2_9-6f1ngI_a1rdQwuRHQjQ_lXPKDjGl7QZ9N1D3PGAjBCGPm0kKeJFMG7nrXbZkZljDOiqet1eKmyV6R1cP203BU2XgOXfL1eyZSOU0=,therma.one,therma.one,2026-09-17T09:04:08,2026-10-08T11:05:19,6,21.0,"[""Apple Journal"", ""Day One"", ""Daylio"", ""Reflectly"", ""Rosebud"", ""Stoic""]",new,2026-09-17T09:04:08,,
https://vertexaisearch.cloud.google.com/grounding-api-redirect/AUZIYQED8eIQN-4BYzv_DA2TttXp9PazNY3MfLJE20hZZMxh11cJuC7bCtohRZm52jOc9PX-xXVZ82ryLzzBt0mFpfA3S8_tcyEfYpZFuINNBMz-_trL1As-G9ylD0GNacfUsLpB9OuLiqh7lLG63jaTV1iXaHJSZbzAYt-s9BlM,kickstherapy.com,kickstherapy.com,2026-10-01T10:33:30,2026-10-08T11:05:19,18,46.5,"[""Apple Journal"", ""Day One"", ""Daylio"", ""Journey"", ""Reflectly"", ""Rosebud"", ""Stoic""]",new,2026-10-01T10:33:30,,
https://vertexaisearch.cloud.google.com/grounding-api-redirect/AUZIYQEDV0EImbR-f4SYV134CGH2Bf9BHRnyLwq3NvsSl_CWh2E334R_rNdFLyEcVXvz_keQrN030tTpV9JPO9yaWy9qE3u8pQiBaytHVqjsW51-Sb0UHDRWpFC7mOqJnop8,everybodywiki.com,everybodywiki.com,2026-09-28T10:09:19,2026-10-08T11:05:19,3,13.0,"[""Day One"", ""Rosebud""]",new,2026-09-28T10:09:19,,
https://vertexaisearch.cloud.google.com/grounding-api-redirect/AUZIYQEDlRglBygZ71qV6pMlyIA7eb7CkMSLDy4boliVvN1rO4z-HihiV4F0cAt9lDi2Zx8emNBUgmVuuPZKmdx33u1A9X759KOSaLeGMPG-axFU4LBRmZq-6Z5dOADQpP5iLLGPP0wpw1oURaOemWsw,pensio.app,pensio.app,2026-09-21T09:18:37,2026-09-28T10:09:19,12,33.0,"[""Apple Journal"", ""Day One"", ""Daylio"", ""Reflectly"", ""Rosebud"", ""Stoic""]",new,2026-09-21T09:18:37,,
https://vertexaisearch.cloud.google.com/grounding-api-redirect/AUZIYQEDr0WM1a1cjDwv_ae1vBYXeEjVXoZEhgST4uN2utdc_Z0BvJ5Sx09GBKfrJ0sU4y8npoMdMUsuRtcXmHIaiYSX5ScEEWCOAF90lxLqpzZ9aEQTYkUovDrcnKJ0UdA7FBL0_8XW7rd0VVrh0Jo=,dgross.ca,dgross.ca,2026-08-16T22:46:34,2026-08-31T10:43:19,2,10.0,"[""Apple Journal"", ""Day One"", ""Rosebud"", ""Stoic""]",new,2026-08-16T22:46:34,,
https://vertexaisearch.cloud.google.com/grounding-api-redirect/AUZIYQEE7HDyj-wTUstF129TQXpdMKczOruRQ5nvqzAZwMVAldzMBn3nBAs7VzPBugG2vooVaWnzmGp0uKIRQgN035gviif2xiLq7KXlu8XPvH3T-CiTnbAD,audionotes.app,audionotes.app,2026-08-16T22:46:34,2026-08-31T10:43:19,3,12.0,"[""Apple Journal"", ""Day One"", ""Daylio"", ""Rosebud""]",new,2026-08-16T22:46:34,,
https://vertexaisearch.cloud.google.com/grounding-api-redirect/AUZIYQEED9982NTKwtLXzZSzP6JDI2PjhjOUz9B8Pnig5mjXeCwa0TeSTEU6xeOpeMhMzZeck7WEkOUDC3qxfeNeVUfHqGG4XpOvHb7TvpjBOJzJFQlcOh6AYSCFKmHt7TlNQg==,dayora.ai,dayora.ai,2026-09-14T09:16:51,2026-10-08T11:05:19,14,38.5,"[""Apple Journal"", ""Day One"", ""Daylio"", ""Otter"", ""Reflectly"", ""Rosebud"", ""Stoic""]",new,2026-09-14T09:16:51,,
https://vertexaisearch.cloud.google.com/grounding-api-redirect/AUZIYQEFOE1Q5mrdX3tTVKXjg8ox9HJtJxidoJbtPoXCjCTkT6V0Ly7NrvwYVIzwqBdTSEn-0Z40rgMTJmKmFAAanps_ZJxqaYBc8qv-WDpYPn3cCbynkhx4gqxULZ4voktKIJ_buqeLs38f6uw=,journalpersonaldiary.com,journalpersonaldiary.com,2026-09-21T09:18:37,2026-10-05T10:49:16,2,10.0,"[""Apple Journal"", ""Day One"", ""Reflectly"", ""Rosebud""]",new,2026-09-21T09:18:37,,
https://vertexaisearch.cloud.google.com/grounding-api-redirect/AUZIYQEF_cbtrQJ0mOvGwPyI7RHXuPmBO6aGAxXn-H_nVZf3ZnYgxIvXSaJnbAp927TXjrRTvUbi-p7OJSR7yNmPU99aFhA7ziCpXFRajRQWCqXq3HA_qVdqkJwH-9Qmx0QulrFJhYmDbCQ6XbONDeJK6TGlzHbTXd0Hg1Va,personal.ai,personal.ai,2026-09-07T08:39:28,2026-10-05T10:49:16,9,21.0,"[""Day One"", ""Rosebud""]",new,2026-09-07T08:39:28,,
https://vertexaisearch.cloud.google.com/grounding-api-redirect/AUZIYQEFnRdLP5RhyYdhU78PmWtudp0jGrsYeZ6pG9NoMgLYVPkYy2ixZYZu86NkZa8uYt-d9vmT0p-h7ugj3coeUeEF3s5unGS_w4rxRtLmrv_Hdwsg6HIfml-Myc3pQmnPwPfF5ZZ6bjERU8h38nFUBtp_8Nx1hCwYwE5LrxQBtTvJPplyxHJhchcHllGyP4b0Jg==,tomsguide.com,tomsguide.com,2026-09-07T08:39:28,2026-10-01T10:33:30,10,27.5,"[""Apple Journal"", ""Day One"", ""Journey"", ""Rosebud"", ""Stoic""]",new,2026-09-07T08:39:28,,
https://vertexaisearch.cloud.google.com/grounding-api-redirect/AUZIYQEHWnC5gAzVGpnaNjS3aulcotHgT4Rklbcoy8q_DhwXMybqrfaXcJqlImXQZtlHRuGuCuLUvd3kGBTxDEjLcRbu579Glq1hHqCDhYA=,dayoneapp.com,dayoneapp.com,2026-09-17T09:04:08,2026-10-08T11:05:19,22,54.5,"[""Apple Journal"", ""Day One"", ""Daylio"", ""Journey"", ""Reflectly"", ""Rosebud"", ""Stoic""]",new,2026-09-17T09:04:08,,
https://vertexaisearch.cloud.google.com/grounding-api-redirect/AUZIYQEHiziAbLYDzWLlpLbbgFXwepc065nG72dQQc_DeqGzJCDBBAoIZ4HPFiPhuwHbAsxvnYKYGjsR4t_KaErsJq64lY_HxuOazA0kguhF4uj-sr1QzFakzMypp7N7aGCq_voUgVxY8enTP9f0J-k=,aijournalapp.ai,aijournalapp.ai,2026-10-05T10:49:16,2026-10-08T11:05:19,9,25.5,"[""Apple Journal"", ""Day One"", ""Reflectly"", ""Rosebud"", ""Stoic""]",new,2026-10-05T10:49:16,,
https://vertexaisearch.cloud.google.com/grounding-api-redirect/AUZIYQEIDOUIYR-oAMxSX7tPE2VdzGUilcNNjXhnLf5o-SgHFDTpEre_17CJkaO8OizDshfQ3C3YFMTMUZemmsZFW_mRB6FrIiMfP9UpLH_GObyitWVsEdDY9ytimp1cNnzMgHWRCOl7ui1QOe5bEirfyQZHGQQJdg==,knowyourethos.com,knowyourethos.com,2026-09-21T09:18:37,2026-10-08T11:05:19,6,22.0,"[""Apple Journal"", ""Day One"", ""Otter"", ""Rosebud""]",new,2026-09-21T09:18:37,,
https://vertexaisearch.cloud.google.com/grounding-api-redirect/AUZIYQEIL6OsZYjKHTnbCHRV0oQpOO5xZSyUAbTvmE1Hg8687NYkvNH3yIV89sK2WBWD-JNJnoDdU0mVmxzyLJ-51EWOOUFhYp0HpOBTTVnjPnSS1QiZmPAObBbOdkTOmvNYg3jOHX01a_Ug4e8d06s=,architectapp.ai,architectapp.ai,2026-10-08T11:05:19,2026-10-08T11:05:19,4,14.0,"[""Apple Journal"", ""Day One"", ""Rosebud"", ""Stoic""]",new,2026-10-08T11:05:19,,
https://vertexaisearch.cloud.google.com/grounding-api-redirect/AUZIYQEIWtnnU8V05zahaG3pMw9snlfr15cggKmErst0duT_gSjBXZJm_r4iSa0i8KCfzOE7K57U1MUDVp6ZpGSrzXoGux0yq-Xqdj8=,daylio.net,daylio.net,2026-09-10T08:31:10,2026-10-08T11:05:19,3,12.0,"[""Day One"", ""Daylio"", ""Reflectly"", ""Rosebud""]",new,2026-09-10T08:31:10,,
https://vertexaisearch.cloud.google.com/grounding-api-redirect/AUZIYQEJLsEI320JWjWjcUVcqpejXKpBJM0a-gWCw348c6wvdVQ2eOKRO3ccLOnAN1zxaYOgnfnz27Cxi-GjCmloR3rTWfB8mFCqam9Tf4_x7z3LqxM9a77mLaeuQS6YpIAEvqiNyMdJcvDsMJgROms3d5TDcZ9YCV6aj8m_1iYKYVQ-bw==,diariumapp.com,diariumapp.com,2026-08-16T22:46:34,2026-08-31T10:43:19,5,16.0,"[""Apple Journal"", ""Day One"", ""Daylio"", ""Journey""]",new,2026-08-16T22:46:34,,
https://vertexaisearch.cloud.google.com/grounding-api-redirect/AUZIYQEKOWzdEuLMMjw5yviGiQFG_PjkuYOoow08w-EV5WQJKs-D7Fp9TQUxEly-XSJE3J0pskDzz-0R1NEVIabyGoYkwssD6Hx-Bc3BN4uM0OOVL51_VvNpHgkioC7IQecEQeVBpYqoORmxkk2ZxftII_mYEgtL7mcORQ==,deepjournal.app,deepjournal.app,2026-09-03T08:26:35,2026-09-03T08:26:35,3,15.0,"[""Apple Journal"", ""Day One"", ""Daylio"", ""Reflectly"", ""Rosebud"", ""Stoic""]",new,2026-09-03T08:26:35,,
https://vertexaisearch.cloud.google.com/grounding-api-redirect/AUZIYQEL73qDrDzVcP12Junpl9fIbAty12SEmkUo98kzMUgnyBKhlv37SybtN5oOrv_iWz6Lefv5Qs8oKCnx36lTQfd4CQa5hJriELuXv7TdFlTkzM1EZixl377s9_gdiLv2wq1id-LHmA==,glimmo.io,glimmo.io,2026-09-24T08:52:59,2026-10-08T11:05:19,5,16.0,"[""Apple Journal"", ""Day One"", ""Rosebud"", ""Stoic""]",new,2026-09-24T08:52:59,,
https://vertexaisearch.cloud.google.com/grounding-api-redirect/AUZIYQEMFCE-x1eDNXut7q5DXKySad_Rkiso4OTGiR6HMGwFy1Zs34P-su_eSxOEDVRPRB0oCKKwFu-4Cyuz2Tyjk3sUboyhfs1DiaeWf_iLeToiL4nBc565hVjjc-yTSGGYgXBVnglIkEiheotF5FFTGC9Oyd8CkP0siz3ElA==,morphcast.com,morphcast.com,2026-10-01T10:33:30,2026-10-08T11:05:19,2,10.0,"[""Day One"", ""Daylio"", ""Reflectly"", ""Rosebud""]",new,2026-10-01T10:33:30,,
https://vertexaisearch.cloud.google.com/grounding-api-redirect/AUZIYQEMUJrw0htU1WmPF7_gRFAhvMKYzXa_9sgQ6YjOJWhz5EwFX5rUT8fIW8KK7cgTYtzLMo-byYwwAmM8Xuc9yhSn0N_WlVYW-tuMv89JAe5A9TXda4Q1vls4gWdsaJZIyDrZl2E3zqk-GiXfgNs=,mylifenote.ai,mylifenote.ai,2026-10-08T11:05:19,2026-10-08T11:05:19,12,31.5,"[""Apple Journal"", ""Day One"", ""Otter"", ""Rosebud"", ""Stoic""]",new,2026-10-08T11:05:19,,
https://vertexaisearch.cloud.google.com/grounding-api-redirect/AUZIYQENi-9zAm9xcyapj2ye46vqSWpqnGT3IeP4SrutRN3cVyCB3gJ_BsHm8KoiqUbCDpoYkrtBSiTZkNfvMVCt80WmB9JF6k8FjiOug3bJYaDrbewQXkS0cheSO2tTBsS0cPRa,mic.so,mic.so,2026-09-10T08:31:10,2026-10-01T10:33:30,6,19.5,"[""Apple Journal"", ""Day One"", ""Daylio"", ""Otter"", ""Rosebud""]",new,2026-09-10T08:31:10,,
https://vertexaisearch.cloud.google.com/grounding-api-redirect/AUZIYQEO9P4Om5ntoaCDo-5AMehz3YQz-FvD7Vw7DO6BvVhxb9pYUOXCbEcyJ9f-PZx_GBN5jslllTCLhsSHZpjnQxggd-eITsgqzw4JSHCghdNqajhr6lpv9zKhzUYuVIixT99mgQDviHsU,journey.cloud,journey.cloud,2026-09-24T08:52:59,2026-10-08T11:05:19,5,17.5,"[""Apple Journal"", ""Day One"", ""Journey"", ""Reflectly"", ""Rosebud""]",new,2026-09-24T08:52:59,,
https://vertexaisearch.cloud.google.com/grounding-api-redirect/AUZIYQEOO6mUSX0xZC5J_UdZ-iH2R5GRg7veQs2gHyvC9FFikLQPYEW_2PFKFoB_KkBnd8rj6ANNOXHkD8THwADNMH4y96r8kI4sAFtSArmC,joplinapp.org,joplinapp.org,2026-09-03T08:26:35,2026-09-21T09:18:37,6,15.0,"[""Apple Journal"", ""Day One""]",new,2026-09-03T08:26:35,,
https://vertexaisearch.cloud.google.com/grounding-api-redirect/AUZIYQEPD2cGU8wWKN4TfBI8mDB0OWLb9ThIClOyyII80_u7D_1jBF_nUS4BLY0EgtObbVmGbArMXd7qCs_sCPtyObBHHE1ES32EjcPSwA-wuw3fU5qhOqbzlS_uzBJBDrHV9wzFThIWQ9Rarbfn2ib-VDvGfMMx,emosapien.com,emosapien.com,2026-10-05T10:49:16,2026-10-08T11:05:19,16,42.5,"[""Apple Journal"", ""Day One"", ""Daylio"", ""Journey"", ""Reflectly"", ""Rosebud"", ""Stoic""]",new,2026-10-05T10:49:16,,
https://vertexaisearch.cloud.google.com/grounding-api-redirect/AUZIYQEPx6SDHxlvoimjxBTtmbC8E_Rps-CKUUFJCMu0aSb-4xhub3RwVc1mt6qS5iv6r0DkQHLVTcjHIsF9Zs-tB2CUSVOOPw5KxFfKso6gmzchX0TDQSwgkS1_dkdnCQ==,lifestack.ai,lifestack.ai,2026-10-08T11:05:19,2026-10-08T11:05:19,11,28.0,"[""Day One"", ""Daylio"", ""Reflectly"", ""Rosebud""]",new,2026-10-08T11:05:19,,
https://vertexaisearch.cloud.google.com/grounding-api-redirect/AUZIYQEQU5V8Q-r7QnRZyROGOLCGRohSCjoN23OAahzc0c1Je51kUdg1anu3hoBe5MixvkpFO4XyQVBsiOQdtm-YFfBQUM0Cl7VKU6YAWx33QcAT-7YcydzmUSQ3uCJvzQBLp9dCZHw4uf9DLw==,journey.cloud,journey.cloud,2026-09-14T09:16:51,2026-09-21T09:18:37,2,11.5,"[""Apple Journal"", ""Day One"", ""Journey"", ""Reflectly"", ""Rosebud""]",new,2026-09-14T09:16:51,,
https://vertexaisearch.cloud.google.com/grounding-api-redirect/AUZIYQEQoTbidvhPHOqILWGNSwgBK5eI4zcAn-sbVF6zT4aWB6g6M8wFfFWDDTDptx0dAowUDCVoZPMtcNL-OEgXiVMzN7da7z-gvVY0tnbypk4f-x6Nhm8R8NVRcK4KtBBD,lockeep.app,lockeep.app,2026-09-21T09:18:37,2026-10-08T11:05:19,3,12.0,"[""Apple Journal"", ""Day One"", ""Reflectly"", ""Rosebud""]",new,2026-09-21T09:18:37,,
https://vertexaisearch.cloud.google.com/grounding-api-redirect/AUZIYQERVKFylp3qm5SgPmJGNTsVwXG-UtvWHmjS2qOi9kKdJR6b_zm8azWqy-M6xAN6FcOWNY87aqbPK3MD8cLuSVikExeklpvqVA1CTxUsUb-DlZoeR7X1UuqOtWB4tBce8yVr__Uk7w==,cozyjournal.app,cozyjournal.app,2026-09-07T08:39:28,2026-09-28T10:09:19,3,13.5,"[""Apple Journal"", ""Day One"", ""Daylio"", ""Reflectly"", ""Rosebud""]",new,2026-09-07T08:39:28,,
https://vertexaisearch.cloud.google.com/grounding-api-redirect/AUZIYQESGq8f-HViX9SitYf-hRK2oFOAL6wdO0FxbdBcTGRZIyOlT3IQy8ethH_qXcZPRuLBwccodU-grKzuS215jgZ_7XYHTQaxrx1T2Lac19GO,localjournal.app,localjournal.app,2026-10-05T10:49:16,2026-10-08T11:05:19,2,10.0,"[""Apple Journal"", ""Day One"", ""Reflectly"", ""Rosebud""]",new,2026-10-05T10:49:16,,
https://vertexaisearch.cloud.google.com/grounding-api-redirect/AUZIYQESIcByyx8TLRR6uQfJMJSOSXs1ZROditBuMg7ta9V0QzKitEO24Td64MQv0JCDLa0AoqTBMa1Cq7FFLoUFqv3JR0MbeznD95qOpXUaCO0-MdvZotIGwrP5vI0L36-xiPzCaSUXWe-q7pls14q6KnKjHfMI5rLTIYfYQxyG98hQ08Cbi5Vj-nU9_fJgFTb5VVt3AGLlNhxEeA3VFQOtFNOvQDE=,researchgate.net,researchgate.net,2026-09-07T08:39:28,2026-10-01T10:33:30,2,14.5,"[""Apple Journal"", ""Day One"", ""Daylio"", ""Journey"", ""Reflectly"", ""Rosebud"", ""Stoic""]",new,2026-09-07T08:39:28,,
https://vertexaisearch.cloud.google.com/grounding-api-redirect/AUZIYQESMBQVJsl2QMHwfBpFcyVfnKQBJVislHYR-LBZTzVUFIB3c9s_qUWNKmfdb-fTqvxaNyS4KcYnb2P5ZxXxvC7u68XYUYqCPTw1kHgUen-i97jKzBGvB_i0IDKiOgHliTHXOto6VCcpBGU3VcGlFIvp,gettrovera.com,gettrovera.com,2026-09-14T09:16:51,2026-10-08T11:05:19,4,18.5,"[""Apple Journal"", ""Day One"", ""Daylio"", ""Journey"", ""Reflectly"", ""Rosebud"", ""Stoic""]",new,2026-09-14T09:16:51,,
https://vertexaisearch.cloud.google.com/grounding-api-redirect/AUZIYQESubPhHfXM--uOvd1WInNBpU7OONw3D71zC4QAlKQIonfwin3NxP1UCl4ptM07QMRoNCovSacUIU1Dqz0YT1vmX_55DVfbA--0nIbUUda7sEoBwQoZBM8e70YxE2HG17bjh2jIHquCHPLBDppk23N-qpKZ4L4GuleLA6k=,kickstherapy.com,kickstherapy.com,2026-09-10T08:31:10,2026-09-28T10:09:19,14,42.5,"[""Apple Journal"", ""Day One"", ""Daylio"", ""Journey"", ""Reflectly"", ""Rosebud"", ""Stoic""]",new,2026-09-10T08:31:10,,
https://vertexaisearch.cloud.google.com/grounding-api-redirect/AUZIYQETVXt6wySDKcz1U_1P2oAZxeSD4oDx7FKsy0zBkEdGMEzGH_qeb_gCr7OhtIXWE7oQOUUgYMtz-4ViGbIROE94cPH59VGkQ7ZrV2fdw5xAoaQw6kEEct3Ve_LwhCV0glfo8vT9ftSkNpgWZimxy4fJNDabdEXWgpnN4vEObI2cgoHVW2oW-lrL-Ha0Fb99fH8=,tomsguide.com,tomsguide.com,2026-10-05T10:49:16,2026-10-08T11:05:19,8,23.5,"[""Apple Journal"", ""Day One"", ""Journey"", ""Rosebud"", ""Stoic""]",new,2026-10-05T10:49:16,,
https://vertexaisearch.cloud.google.com/grounding-api-redirect/AUZIYQEUYRmWYs416d5aKtY_1nloelsgUcUKUpp4YSoKEKSI7JC0XOYbk-rtJ60alDVj_4-_aerKoUcFOO_Lzq1Gh5adRYlftNd17A9HKrGE6NuuY2dXEOE6C-a_WQq4FBQgFYLxf7nbEle9F2OW_QlnpwMCPujb,lound.ai,lound.ai,2026-08-24T02:44:03,2026-09-03T08:26:35,3,10.5,"[""Apple Journal"", ""Day One"", ""Rosebud""]",new,2026-08-24T02:44:03,,
https://vertexaisearch.cloud.google.com/grounding-api-redirect/AUZIYQEU_Smgvx3YyWZkN6xrl5lLQ6CoLVdTThtwLKPqmk0QyzZ4ogcQUaEXivYerZOViOVZb1SDr2NZUS2XozPigx61fq_aQ7E_Im7WIMDMDa6t7R2aCZAx7cJIIO-c4uKPq0vvS27DNsJxRsPfJ8_RPGAz9ujyNAuCQQ8pRrSXsE7IS7Lz_vjDm-YzdQ==,getacuity.io,getacuity.io,2026-08-16T22:46:34,2026-08-31T10:43:19,2,12.5,"[""Day One"", ""Daylio"", ""Rosebud""]",new,2026-08-16T22:46:34,,
https://vertexaisearch.cloud.google.com/grounding-api-redirect/AUZIYQEUnNiLgpAlW-QCEtPlMS1Q3WgLAUthNVWLjArPoOaCDgETlejWDZIPVgfDY58GnqfJmylbclDEiGBnYmCi1IMSlMSQlv2q64samDn6eQapEwglM4OfkD9pOMIFtYWX1k9Hvc4G1mhMqGjtuzVZkq08gXR4z9-6gFE1wY61Z8ez9u7lo1FiZA==,willowvoice.com,willowvoice.com,2026-08-16T22:46:34,2026-08-31T10:43:19,2,8.5,"[""Day One"", ""Daylio"", ""Rosebud""]",new,2026-08-16T22:46:34,,
https://vertexaisearch.cloud.google.com/grounding-api-redirect/AUZIYQEWQ2uzlcOoMO2S5qrxANv8zGU_ITUNQlGPGC5qzHJOppuVwHpKbe-e4_gVnguXMbjt3OYJyYCwAtKGHityJnVeyoNWhzySGnEdP-RtBbFJWyyR_yRSOuPV7VY8yEZDIc6r-ag=,talkjune.com,talkjune.com,2026-10-05T10:49:16,2026-10-08T11:05:19,2,8.5,"[""Apple Journal"", ""Day One"", ""Rosebud""]",new,2026-10-05T10:49:16,,
https://vertexaisearch.cloud.google.com/grounding-api-redirect/AUZIYQEWkly_-LBJHKwIFE-pZtkX0K6UgX_M1wZl7w8hl1fWilSchEB_aF6X18gio9QXyxqvR27SMcGSiIUu8FAtOUcErEcxHrMY8HzXqLDQU_9FLiuCF_ovvve5a2hJ7Oha0VKiWkBpJn3wZtBLvNb_kw==,journalinghabit.com,journalinghabit.com,2026-08-16T22:46:34,2026-08-17T02:14:51,4,15.5,"[""Apple Journal"", ""Day One"", ""Daylio"", ""Otter"", ""Rosebud""]",new,2026-08-16T22:46:34,,
https://vertexaisearch.cloud.google.com/grounding-api-redirect/AUZIYQEX6KMklsoa8ej0ptKHcYEzLaffXsW0sM3TfPnct6af2Tisn1OiW3l7Y73JWUPUDktKEEckLY-nepIBolUmb9ui7muXdrnDbwu_01IRiyP9QvXGMvLOauH9IFt8WnmzbN8eDa-FHqxNlToHUCT6zxdxNLvoVtc=,substack.com,substack.com,2026-09-14T09:16:51,2026-10-08T11:05:19,2,11.5,"[""Apple Journal"", ""Day One"", ""Daylio"", ""Reflectly"", ""Rosebud""]",new,2026-09-14T09:16:51,,
https://vertexaisearch.cloud.google.com/grounding-api-redirect/AUZIYQEXd1JnUs3KXk1tVoCGFo3DDl1TV1P8Qai6m2rlaOqrU9gO76kGcrmWxj3zX7-sCwsV1EMcaeYL_cLve8Ek8uNLeq864_iHv9UqIfwX7QFZtTeBIsReicddAHZhyFI8DmLXtv51tD0M,mini-diarium.com,mini-diarium.com,2026-09-10T08:31:10,2026-09-28T10:09:19,3,10.5,"[""Apple Journal"", ""Day One"", ""Journey""]",new,2026-09-10T08:31:10,,
https://vertexaisearch.cloud.google.com/grounding-api-redirect/AUZIYQEYEmPdQyUe_MtAfUfndgixfKP5o96MBDD95syiGidn_TDYls7JEAlDy5REHJ0f7m4cWAByO5zFkaGfIIIBVEkYHTTFY57A7Og-i_2X97JSRsNuqNY7d8p8Cr7YA2LYVMoYh-W36aTOGOUZDD91VDWHYG36gv3g6w5fkzd0Dnj8YjBnjnrHzdfy,washingtonpost.com,washingtonpost.com,2026-09-10T08:31:10,2026-10-08T11:05:19,2,14.5,"[""Apple Journal"", ""Day One"", ""Daylio"", ""Journey"", ""Reflectly"", ""Rosebud"", ""Stoic""]",new,2026-09-10T08:31:10,,
https://vertexaisearch.cloud.google.com/grounding-api-redirect/AUZIYQEYR03-vOD1e962ZOf_k28ZtgswOlBbvW4l_Cj_TDYnt2lMqsE954eeXQ9DXIBXYYTtPBa_USLWLHvB9liS4hJHA7ifU2zETvPn1VTPsCTYCyedQSmDxrtes82p6eMX36fiED7TJTxnL_SeIuUwKbo7,journalparty.com,journalparty.com,2026-09-10T08:31:10,2026-10-01T10:33:30,3,16.5,"[""Apple Journal"", ""Day One"", ""Daylio"", ""Journey"", ""Reflectly"", ""Rosebud"", ""Stoic""]",new,2026-09-10T08:31:10,,
https://vertexaisearch.cloud.google.com/grounding-api-redirect/AUZIYQEYcLoGsFNtznv_Nywd-ST9sc0YkBtlN4FlqjeSdRorHI4xfuUrHtJHzz6bMvFj4zfCsSExZrUqnLV8xF1fyAPcbzSEqlMKwmuuFt1U7g7slxSlw6Y7zX7wr7sGIWWfhO4cmbF50Ezn,blabby.ai,blabby.ai,2026-08-16T22:46:34,2026-08-31T10:43:19,2,8.5,"[""Day One"", ""Daylio"", ""Rosebud""]",new,2026-08-16T22:46:34,,
https://vertexaisearch.cloud.google.com/grounding-api-redirect/AUZIYQEZQgXP21aL9M6c9Wcidna_aYM0sOYtjHtDumMwgRRNvelco-VkkwRTgjraScZGW4WkZzl99oTbmx5854wVDBar4WStK_UJLOw252g57OwtGFsf42-z3YtCb8BTfgzqy_SAOqkvvw1JnXK_pUtWwAT-V2luLJONV67ScJBrggHHAOQhk2vJ0xg=,businessinsider.com,businessinsider.com,2026-09-28T10:09:19,2026-10-08T11:05:19,2,7.0,"[""Day One"", ""Rosebud""]",new,2026-09-28T10:09:19,,
https://vertexaisearch.cloud.google.com/grounding-api-redirect/AUZIYQEaJeJ26BJIpGg83iK-U3LxLf1udOMBDai2wfdrso4Hi5ggC8sJTM3jGW2rAYvHhvJl2VpVQxTtgoSmCblgxdDrstvQgTyeU4s7Q1s=,myentries.ai,myentries.ai,2026-09-28T10:09:19,2026-10-05T10:49:16,2,7.0,"[""Day One"", ""Rosebud""]",new,2026-09-28T10:09:19,,
https://vertexaisearch.cloud.google.com/grounding-api-redirect/AUZIYQEbDhvlx8I1QXsnsZxdERutuze9sePbZenrgyWvfHMB6uO89oajYo5sHkrEvW_NG40bOg3xF2hU4pARyNrEDiQrssXsO1nVksgV9K-YdeIllR1dunj5ahXY5-zg6J5909t_NGffGKMPcOb3XffNKg==,kiomora.com,kiomora.com,2026-09-28T10:09:19,2026-10-08T11:05:19,3,12.0,"[""Apple Journal"", ""Day One"", ""Otter"", ""Rosebud""]",new,2026-09-28T10:09:19,,
https://vertexaisearch.cloud.google.com/grounding-api-redirect/AUZIYQEbYVoc8zCpBz4yuSr0yCMnDG3qGwzp7RcJDeIreMb-BvDuM4bbuaOdeM3DsXQ91yK7nxPucJ_sywsdd6ZE3UGW9uHFZlYgfc_HuOv1KJEhmZJmKjWcB2OR7HyHoLvCnV_xjVrpcxJF,nih.gov,nih.gov,2026-09-10T08:31:10,2026-10-05T10:49:16,4,14.0,"[""Day One"", ""Daylio"", ""Reflectly"", ""Rosebud""]",new,2026-09-10T08:31:10,,
https://vertexaisearch.cloud.google.com/grounding-api-redirect/AUZIYQEbqs58cGkNpl1rqaiRCyScUzVVZod5NoH8cqm15sNJM8JnLljyMWX6e7ywS5pubOXT0tTdYWTPEwVWHm71lYizRCzYuH-hZtUne2ybp4Wdd_L3FvglWhqeiPAKcUWjEJxrPzGXVMbw1m9FKJTTaqOpJpA=,clairecalls.com,clairecalls.com,2026-08-24T02:44:03,2026-09-21T09:18:37,7,20.0,"[""Apple Journal"", ""Day One"", ""Rosebud"", ""Stoic""]",new,2026-08-24T02:44:03,,
https://vertexaisearch.cloud.google.com/grounding-api-redirect/AUZIYQEcVj-Q9RwMnhY4CXUVAaFoYDZ6O33IU-3i3DivCUYY4m_LnqzcJpYTdsGuUEQHphhoPvkB8cJpD20hMKB5NbP0xQKeD7CZ8inT1sbyMED0f0ihON9_irUHBdz9tXqhDVR91tprlkM0XhjJORoDeB2zfluyFLb5,voicebraindump.com,voicebraindump.com,2026-08-16T22:46:34,2026-08-31T10:43:19,3,10.5,"[""Day One"", ""Daylio"", ""Rosebud""]",new,2026-08-16T22:46:34,,
https://vertexaisearch.cloud.google.com/grounding-api-redirect/AUZIYQEcorQBpupetgAdUkOEveiVNwVnSPTN1vEYyVWvflzmo0nOGtfG4RXysfBUNGCuFpY4I0W__ZJTGK2O4lfOZCs8U9MKgiRjNvIfEpQ69jqljhrdIQKRflc3ixFDQ1E-PHRcsHC8h6GIUrVrsmuTlzEWa63S,clairecalls.com,clairecalls.com,2026-09-24T08:52:59,2026-10-08T11:05:19,6,19.5,"[""Apple Journal"", ""Day One"", ""Otter"", ""Rosebud"", ""Stoic""]",new,2026-09-24T08:52:59,,
https://vertexaisearch.cloud.google.com/grounding-api-redirect/AUZIYQEcpr-SuyxRGa-meeyr9h3wLJVj6ZxDv_E4VfTWTIUsvKMA0AaVL88PPtrxCDe9LBLNWv-TFLEjrIYz46CQITOC0xvfdBmTZcuiQc_lyLzAsTH9jwvMK_isNkw4ik-dDulQA5nOlG4J2v1NxOxOpGFx,dayora.ai,dayora.ai,2026-08-16T22:46:34,2026-08-31T10:43:19,4,15.5,"[""Apple Journal"", ""Day One"", ""Otter"", ""Rosebud"", ""Stoic""]",new,2026-08-16T22:46:34,,
https://vertexaisearch.cloud.google.com/grounding-api-redirect/AUZIYQEd-N9pB69pj036K3Jc5tjzxq7ccvN_xs64SzUCGPJQmd58pLuvnS6vv2IGF969NTN3QYEwsL54-KBHlXrAZBhfk8_WXKDuKBtaP3ejgg2OlmwWBy9uofsqVHuA1m59bC52OD6LkYxnfO9f5zdjk-e80Nct6oXT4hJwRDFngw==,9to5mac.com,9to5mac.com,2026-10-05T10:49:16,2026-10-08T11:05:19,7,20.0,"[""Apple Journal"", ""Day One"", ""Journey"", ""Stoic""]",new,2026-10-05T10:49:16,,
https://vertexaisearch.cloud.google.com/grounding-api-redirect/AUZIYQEfpSBpArwokW-DL4q45kvtpD8YNZNqU1wcna6n8qj_XsWoGY4qPqzhi64bhEyf6F2AQGW2Rjne5zvA50jYHYxC4WyF7bURiIHlJTAdntRxnGb988lmw52gm-wvOOEL74KbevUDskPH62NuyWgi,speakwiseapp.com,speakwiseapp.com,2026-09-14T09:16:51,2026-09-14T09:16:51,7,20.0,"[""Apple Journal"", ""Day One"", ""Otter"", ""Rosebud""]",new,2026-09-14T09:16:51,,
https://vertexaisearch.cloud.google.com/grounding-api-redirect/AUZIYQEftmz8TmiMLWe_XXzM-PBKSOQJhUVbZJF0IT5nIkyiHaV0HRB8rQBEfka5QsJkaC6IByAUAECjDmXW1ONhEYhB1ZFUe47Op1UlejAdnnHwa8RUM3L-vVAEOdPENZR4eftUscyPp_rHNph4dVJsFkP5VoDk1S-zr5aGBDGmbFGaHhzDC5Op3_JznyPDPMBOnDdlvO5bejOnQl5C5I50KmnGw_T1NA==,appleinsider.com,appleinsider.com,2026-09-10T08:31:10,2026-10-08T11:05:19,7,20.0,"[""Apple Journal"", ""Day One"", ""Journey"", ""Stoic""]",new,2026-09-10T08:31:10,,
https://vertexaisearch.cloud.google.com/grounding-api-redirect/AUZIYQEg8g7A5V4KFaI827qah1IaIZkPyBbyCIKTEDmUnuFdAOPVLbQM0X_C4k2Ckk8XPkoeupMPajp1C5R4uI98l_6CdPLJ6KzyIWvBxC_PyWDr7hI4miUj63WKIkw1iP4-FNLvkcq0LtEgKIRH_0DeBZBOfJcPEH5xczhlo936V5PGtM_Ytm02,mindsera.com,mindsera.com,2026-09-10T08:31:10,2026-09-28T10:09:19,18,46.5,"[""Apple Journal"", ""Day One"", ""Daylio"", ""Journey"", ""Reflectly"", ""Rosebud"", ""Stoic""]",new,2026-09-10T08:31:10,,
https://vertexaisearch.cloud.google.com/grounding-api-redirect/AUZIYQEhRDKfW-e6RyeCMpOhBwHZGa9moZVeTU6_P3lV8HGRdtXlaN9pVuw_Al2Isaud2WtBBnKMMJjmxqYnmwD80cRL6MNPZizZohturk2Uzc2hzoOZGuyfW9YnqOv_BPHwyn9jX-mGUzzH,localaimaster.com,localaimaster.com,2026-10-08T11:05:19,2026-10-08T11:05:19,6,19.5,"[""Apple Journal"", ""Day One"", ""Reflectly"", ""Rosebud"", ""Stoic""]",new,2026-10-08T11:05:19,,
https://vertexaisearch.cloud.google.com/grounding-api-redirect/AUZIYQEiGRbTmPkFf5jzugwyug-hGd2UcFm0X01IsYBYwQLmybrnWNHjE9F-uw2-f_pvzsqYzPfJ6galZvxFyLSMmOxHckLTqcRG7ijcX2ZGtcfuDoV63PnZD2sHVQjsudhTRLWzKfEphTaeGg==,choosingtherapy.com,choosingtherapy.com,2026-09-03T08:26:35,2026-10-01T10:33:30,5,20.5,"[""Apple Journal"", ""Day One"", ""Daylio"", ""Journey"", ""Reflectly"", ""Rosebud"", ""Stoic""]",new,2026-09-03T08:26:35,,
https://vertexaisearch.cloud.google.com/grounding-api-redirect/AUZIYQEiKw9OqVVib4O5xmVj7fhZAHlho0tNYe4zuvpNcLGuEGIJ9zExVgBxXiUdSEx4wcEH6f9igh6DBP2677E7heqoqo0x1EknbxxEyoi6NPT_0LoPLvIdh8hg93-0tqxMJF6tCYK4H-adPDFTZyPIKYG60S4K1dRP7aEe0A==,personal.ai,personal.ai,2026-10-08T11:05:19,2026-10-08T11:05:19,8,19.0,"[""Day One"", ""Rosebud""]",new,2026-10-08T11:05:19,,
https://vertexaisearch.cloud.google.com/grounding-api-redirect/AUZIYQEi_V-iChh4Si8eaHhb1EbqrwBM5xMxmiSQ2EKJdIFQyhmG8-CYmP44jSzECajNsr4Lr2fTxg0RmZs9ndgaHPR-DSqdqM7E_RQ9N_Y=,journallm.app,journallm.app,2026-08-16T22:46:34,2026-08-31T10:43:19,2,10.0,"[""Apple Journal"", ""Day One"", ""Rosebud"", ""Stoic""]",new,2026-08-16T22:46:34,,
https://vertexaisearch.cloud.google.com/grounding-api-redirect/AUZIYQEilMnhv933oOYzI-u_v9Jsp3vVlXp7mkJCSMSV-9jKCcqyV9TTqTKIFrydrgzLpYuZw96dhLk5wwAiEldhTfj_2vCBbIktvULBwYe3tk0UR_HbQhbEEztUDz8I-QUB,lockeep.app,lockeep.app,2026-09-14T09:16:51,2026-09-17T09:04:08,2,10.0,"[""Apple Journal"", ""Day One"", ""Reflectly"", ""Rosebud""]",new,2026-09-14T09:16:51,,
https://vertexaisearch.cloud.google.com/grounding-api-redirect/AUZIYQEj1sYWopQYXIVxodlFZfY17IM_50kACVhT1M2VWx8stQpWGscHkkcbzQTwxA0w__stQZW6GExVgoylaTTnbL27dfNRM4E8At7CNoBkjpYtjJHcMrA8WkJunFMu-OMS-WHAJKeLmYPtgVFRmVEdR14=,journalparty.com,journalparty.com,2026-09-03T08:26:35,2026-09-07T08:39:28,2,13.0,"[""Apple Journal"", ""Day One"", ""Daylio"", ""Reflectly"", ""Rosebud"", ""Stoic""]",new,2026-09-03T08:26:35,,
https://vertexaisearch.cloud.google.com/grounding-api-redirect/AUZIYQEjQOrwfAm8GHI31KBGJJO-Ct8OPEEm1FA2T7pRioIqONC66hs1mWjOHri9m1zDRC_I3mJ7NozvuySu4cKmxYe0x3IBK5vvxR11NzvE9-XBQsKRn5iriAL30I6HnKdKwNmSGUNdh4eaRhjfuM9OlD0LLkg=,localaimaster.com,localaimaster.com,2026-10-01T10:33:30,2026-10-05T10:49:16,5,17.5,"[""Apple Journal"", ""Day One"", ""Reflectly"", ""Rosebud"", ""Stoic""]",new,2026-10-01T10:33:30,,
https://vertexaisearch.cloud.google.com/grounding-api-redirect/AUZIYQEjnND40Hc81sPFKjmXtaxsBht4HzsonX0K56Ndjtsz0_-mYY80IIQPd0N8beiEtPGVuq8JvATvd5UGSdEP3thWu9ncMPCg6EjnhR1nwJ1cw4AI55EuvtCb8lt3z9nctzg-WKPHkLDS-YRITwsgZQ==,ariv.one,ariv.one,2026-10-01T10:33:30,2026-10-08T11:05:19,4,15.5,"[""Apple Journal"", ""Day One"", ""Reflectly"", ""Rosebud"", ""Stoic""]",new,2026-10-01T10:33:30,,
https://vertexaisearch.cloud.google.com/grounding-api-redirect/AUZIYQEk8duN2DZZbFeymxRcY0YU9lvT_jCJEk9A0VTrB1Ky0z1DT9dBAIDtKV55GQJ1SaCIxX9_Hr9icPAhY2xCMGU-q-Z9QpGMeCMXHoFQF1iBkddlG8ChfZQD8AJ7,lifestack.ai,lifestack.ai,2026-09-10T08:31:10,2026-10-01T10:33:30,11,29.5,"[""Apple Journal"", ""Day One"", ""Daylio"", ""Reflectly"", ""Rosebud""]",new,2026-09-10T08:31:10,,
https://vertexaisearch.cloud.google.com/grounding-api-redirect/AUZIYQElN5edEh5U8WWylAddxaggZ33bGVxVhn7iraY2IuMgKwkXjHdpzsqFbhkirg1I72oRvyB9516UtvT65xLAKaAO3BQKCSaWzldhC3x-XRMzGc3HKXCdDYQra1VRV8bjj6BDmOdiRnT0lgwuEcna,ariv.one,ariv.one,2026-09-21T09:18:37,2026-09-28T10:09:19,3,13.5,"[""Apple Journal"", ""Day One"", ""Reflectly"", ""Rosebud"", ""Stoic""]",new,2026-09-21T09:18:37,,
https://vertexaisearch.cloud.google.com/grounding-api-redirect/AUZIYQElTDSTXYQTKVV9vaX13PxPYwmgRronCzXa4MdQ5lBFzfTCh82AnBu-Jap0xF3jpV7G57F-YBtFiNgs6-FetUT6EatcI_BHgPKlBoETWtvKNrIvM11rJHkG8iu7atTtD2iBgMokuP8D1Zj2ifz3_QmlEYoAxQ==,empathdash.com,empathdash.com,2026-08-16T22:46:34,2026-08-31T10:43:19,5,16.0,"[""Apple Journal"", ""Day One"", ""Otter"", ""Rosebud""]",new,2026-08-16T22:46:34,,
https://vertexaisearch.cloud.google.com/grounding-api-redirect/AUZIYQEm08Z1ooEX_tmP5XLtgput1vIV7turmR5tFWWKGBQNGAYPOKdUGtAMU0VegzvZtNw9fnTzQnwWVoDYwsLM0is54TcZqWPpQqx6SAtlRLOhm5vbKZ9sDRGAA4uh2VSgKHansNal0WJ7L6neSWav,dgross.ca,dgross.ca,2026-10-05T10:49:16,2026-10-08T11:05:19,3,16.0,"[""Apple Journal"", ""Day One"", ""Reflectly"", ""Rosebud""]",new,2026-10-05T10:49:16,,
https://vertexaisearch.cloud.google.com/grounding-api-redirect/AUZIYQEmAJVHOCC4_o2MTJq70VR7ysX6w7k8UfqFKyh0yorW9rP1aKZNe72kP_v-t5_h8CIpja1EM4TuDTVm53XUvPo-wXvIWUWyU5F_xiJ3LJ6BrZpnPYUDRctjsWuTTCe43EGhxznbRRNhzwg6TuVk_viKBbfdpqKpXUt-rSwyp0JU8Hw=,typingdna.com,typingdna.com,2026-10-01T10:33:30,2026-10-08T11:05:19,7,20.0,"[""Day One"", ""Daylio"", ""Reflectly"", ""Rosebud""]",new,2026-10-01T10:33:30,,
https://vertexaisearch.cloud.google.com/grounding-api-redirect/AUZIYQEmZ5UjkgdLBvtXTqM34MuMj1wAg_1ALwc30mOnksk78Gb7Z17X2ZDa-hpQfMO-uwq4Gc5jctBeJYA7rudOfy3sdyS6nc37Mu4U5NM0NSe53-7wEk7oVjNUSQAC5_Up,everybodywiki.com,everybodywiki.com,2026-09-14T09:16:51,2026-09-24T08:52:59,2,7.0,"[""Day One"", ""Rosebud""]",new,2026-09-14T09:16:51,,
https://vertexaisearch.cloud.google.com/grounding-api-redirect/AUZIYQEnKtunWNeZFMpQCGNq3fnbGFIPT3GqfoXGClj8nqLEaehCcqEhG99Fj5EaUJS1JxvttnD_bg1FVPynT0nJ07aR6wKTuLxH8sgrjvN7mBk=,audiopen.ai,audiopen.ai,2026-08-16T22:46:34,2026-08-31T10:43:19,2,10.0,"[""Apple Journal"", ""Day One"", ""Otter"", ""Rosebud""]",new,2026-08-16T22:46:34,,
https://vertexaisearch.cloud.google.com/grounding-api-redirect/AUZIYQEo3sJ63ndHfJYpOLN9foQcxdAZAfv-wxIH_oaA6c2CjDV5guxrQLEmT_Y5iijJ9ulHu_c0YS8NT1LxLBTwAT6v1FOd8MQ7kq9MkiaRem2iuFohe_-VrXowf4rD-1s0KSNAASQHeDVKgJk=,balancejournal.app,balancejournal.app,2026-09-17T09:04:08,2026-09-28T10:09:19,8,22.0,"[""Apple Journal"", ""Day One"", ""Rosebud"", ""Stoic""]",new,2026-09-17T09:04:08,,
https://vertexaisearch.cloud.google.com/grounding-api-redirect/AUZIYQEo9EEGygClqDAWSUwy6YCCC9OkhQRmEk8xx5tVCdeqr_nUClhnDNmxscEFvbu4x51nCN9h_3YFvJyd-PF_cktTMRIAYOG3w5CSLOpnQ7Cw_KR8xmX6C231JqC0vIHtfFd1QNNcBtTdOszwBnEBaaoENbs3tR4=,lifelogdoodles.com,lifelogdoodles.com,2026-09-14T09:16:51,2026-10-08T11:05:19,10,24.5,"[""Apple Journal"", ""Day One"", ""Rosebud""]",new,2026-09-14T09:16:51,,
https://vertexaisearch.cloud.google.com/grounding-api-redirect/AUZIYQEohSH5p6_pewCDdYDB6gc77Yf6frRQU6EU0-OuhLFpGP9K38ODQNUehxyN5epm6n2kEHg1p8IU9WwVt-51bE4mKZZ8Vqq-Ztpub5MLkBUD,reflectlyapp.com,reflectlyapp.com,2026-10-01T10:33:30,2026-10-08T11:05:19,2,10.0,"[""Day One"", ""Daylio"", ""Reflectly"", ""Rosebud""]",new,2026-10-01T10:33:30,,
https://vertexaisearch.cloud.google.com/grounding-api-redirect/AUZIYQEsk44mArCrANZUemNpNLlLuSj4L3bg_mOAe_98UkNHeZ0eRcmrE8DtAA6bU_BkAi5fi6tfptzs-rV9-yDD6y2QQrjgUwL0Qb5QlNJxkGdIYXdTP1oAFJcEqOnCEj35A9rryRSkzmTbbb8dnxc2Fk4=,vowise.com,vowise.com,2026-09-24T08:52:59,2026-10-05T10:49:16,11,28.0,"[""Apple Journal"", ""Day One"", ""Otter"", ""Rosebud""]",new,2026-09-24T08:52:59,,
https://vertexaisearch.cloud.google.com/grounding-api-redirect/AUZIYQEsy9SCUIAp71o8cLy_rrbS-tx4l1SoxIc4hfIvlzIgqOR25YrVvBSVAkAoTVPVUQR1UdrdBwEjKfvT6f_x5KE-MBVVCyyZfdNHFKoT_Yg1w1qpjk2Et8j-A2BS-4gmi5zXkpSYhdaswKM=,helloanticipate.com,helloanticipate.com,2026-09-07T08:39:28,2026-09-14T09:16:51,13,32.0,"[""Apple Journal"", ""Daylio"", ""Reflectly"", ""Rosebud""]",new,2026-09-07T08:39:28,,
https://vertexaisearch.cloud.google.com/grounding-api-redirect/AUZIYQEtHIwCP8d2ELE4AxLDrtT_NuR87RndFIxl0LTQx5hCVOdClbx2YrifgYkcD9Ke8AFfRq7w_hjBSI52aKakNsjP33_5KcOKGiMabSdZ7E8P5kKSXtZSK9YpePXFrBMLWQIhwBulfLHqhxMK8Z8m0ak=,dayora.ai,dayora.ai,2026-09-03T08:26:35,2026-09-10T08:31:10,6,21.0,"[""Apple Journal"", ""Day One"", ""Daylio"", ""Otter"", ""Reflectly"", ""Rosebud""]",new,2026-09-03T08:26:35,,
https://vertexaisearch.cloud.google.com/grounding-api-redirect/AUZIYQEtNOVgs-wLlE8pY29_bDt3tJ6yX4_YQbaJ2p_esUE53XVXPTJfSPlgVcxGZsQZgn5a7hnW44yIHJhD3LfgKt0Uo9VHvAdtBXbcpEEkzLL-5GS4wOngOcPW2g==,arxiv.org,arxiv.org,2026-09-07T08:39:28,2026-10-05T10:49:16,2,7.0,"[""Day One"", ""Rosebud""]",new,2026-09-07T08:39:28,,
https://vertexaisearch.cloud.google.com/grounding-api-redirect/AUZIYQEt_KLVLb7WX1VUF4KGP8uKaT208ztpCSwfDeN1wpnQTwRcZUTp4-Gh3zBGcuN5B5WCc4mKNeAy57gN1Kn_E9OnP3uG8eGZCO0knsBg,journallm.app,journallm.app,2026-09-07T08:39:28,2026-09-21T09:18:37,21,49.5,"[""Apple Journal"", ""Day One"", ""Reflectly"", ""Rosebud"", ""Stoic""]",new,2026-09-07T08:39:28,,
https://vertexaisearch.cloud.google.com/grounding-api-redirect/AUZIYQEvq1tmB4hH9R3AMpDxX-2IRXCus3pAgwqnGImJaB-XXiHKc4q9pFPS3523NUXz1NJGHWKior6EBbFfjF65RdXEYKayygFtA1EE0yPNEJVH3EDp6JjTuQ0oClWdIQ==,lifestack.ai,lifestack.ai,2026-10-05T10:49:16,2026-10-05T10:49:16,10,26.0,"[""Day One"", ""Daylio"", ""Reflectly"", ""Rosebud""]",new,2026-10-05T10:49:16,,
https://vertexaisearch.cloud.google.com/grounding-api-redirect/AUZIYQEw9TwnAT55AO9z9hh7ixEnu7qSMyEudCAjzDrHMb3-lem0HUvwZJI26d1E0pThrDn5n5TjWr_I1iIgt-OQq48T2ZUSXeVb2sklkmZ8Zwxqh5gXrLdYw7lZ5x2dL2IcHuLV4gP2hsQ1TM9TMXcYSWpwt2n3NSpOwiP8gAm2gXvToWvOsw==,voicenotes.com,voicenotes.com,2026-08-16T22:46:34,2026-08-31T10:43:19,2,10.0,"[""Apple Journal"", ""Day One"", ""Otter"", ""Rosebud""]",new,2026-08-16T22:46:34,,
https://vertexaisearch.cloud.google.com/grounding-api-redirect/AUZIYQEwoQD68-ce5gSargiw_0Zm842kgaDETjJ9ttaKwZQRhbhbEZ4ufFPhMc6xnqe0OHYw2dF8dmk0fSKIYjH16ykkJQm-AhHn1tZSr39mb_LM6h63pv6rAgcEblKhCgGUI6G-NoRcOU6Re-jfDXPIhOISSwWeMqV0FQe1ZrIOaor-fn9a2-FDCw==,mindsera.com,mindsera.com,2026-09-03T08:26:35,2026-09-07T08:39:28,4,17.0,"[""Apple Journal"", ""Day One"", ""Daylio"", ""Reflectly"", ""Rosebud"", ""Stoic""]",new,2026-09-03T08:26:35,,
https://vertexaisearch.cloud.google.com/grounding-api-redirect/AUZIYQEwttup1Bw5LsOyeuf1t26cH49junS7-tsE6ZPRrwtihufY2AjI1ThX3zopE2XWfqxNlE1sslU3e2CtxFJIQEAs6b0UR0AOOjvqQMULz3HiwuGnI4H274xrqwZsIJBnD4BHT1UzOH977CkalitfPfOl9r8_NaX5fcc=,journalinghabit.com,journalinghabit.com,2026-09-03T08:26:35,2026-09-03T08:26:35,3,10.5,"[""Apple Journal"", ""Day One"", ""Rosebud""]",new,2026-09-03T08:26:35,,
https://vertexaisearch.cloud.google.com/grounding-api-redirect/AUZIYQExkYG-rKXStHxQJ3I9g_RMOo-rMadGHV7Uaue-Xd9zIEfiyk_C9ZtBjk_N-WyEmvSIJZAeNtX9-sPS4rG6nHbyouPSjwO0m37EC4lDeM5G76JZtw1HIwNdkSkoTg==,memexlab.ai,memexlab.ai,2026-09-07T08:39:28,2026-09-17T09:04:08,13,37.5,"[""Apple Journal"", ""Day One"", ""Reflectly"", ""Rosebud"", ""Stoic""]",new,2026-09-07T08:39:28,,
https://vertexaisearch.cloud.google.com/grounding-api-redirect/AUZIYQEyHJvZK9T16XyknEiGbMNF_b03rxeRJ76H1VFh4zJBflfDpQfZkbhoOfD0bN628fZfOsyKcEl4hdoY1-8bw8s1gipqoXY5PyGugo624hGbcdGXncb7-YhfibcDzvlcVorawsHqOg==,hormoscope.app,hormoscope.app,2026-10-01T10:33:30,2026-10-08T11:05:19,5,16.0,"[""Day One"", ""Daylio"", ""Reflectly"", ""Rosebud""]",new,2026-10-01T10:33:30,,
https://vertexaisearch.cloud.google.com/grounding-api-redirect/AUZIYQEyS1wZL1nk1EDcn2bqXMFrpyCyb2RsXUjoqIRJGbypLggh9ydmDkme7Cw1bsA8_pzqcxAWuBIr9AxGcBROT4CLZGVcBbyEegOfOMVl799eSYPlCzLgTeU9aeK0jWa9LSIedIzj62KbppBpE8DGIdCN3Lj4z8f7OyyTD9H7V_QfgUrFuuXlDetVjLJFtLY4hyIyM_QgPxhuR6AlcrhbGIA_6XJ3xjM3dsGAiEbXXeugDWdmPi5S2bqRviyERWy956RXL1JYmnmmpaLqsLo=,refreshmiami.com,refreshmiami.com,2026-09-14T09:16:51,2026-10-08T11:05:19,3,9.0,"[""Day One"", ""Rosebud""]",new,2026-09-14T09:16:51,,
https://vertexaisearch.cloud.google.com/grounding-api-redirect/AUZIYQEyedpMlrFsxNYrX71rCFUgctK2LTNJXZIxEIBztcm4lkRU6sFYkze_JrQlJ1FTUFWVSnUAzQ6MFmTG-UJSWZ_PDNvI30JM2y1OrqKAdFRHpl7_FevPH2jittk8gbTn72AdMhg=,zapier.com,zapier.com,2026-08-17T02:45:52,2026-08-31T10:43:19,3,17.5,"[""Apple Journal"", ""Day One"", ""Daylio"", ""Journey"", ""Rosebud""]",new,2026-08-17T02:45:52,,
https://vertexaisearch.cloud.google.com/grounding-api-redirect/AUZIYQEyqGPBnoeCXrRHOOYqureKguo4T_v6DcLM4apsf6V47A6JADf-EmYetfM37ij6vw74nUnKMUZAUA4RNTeX-LPy4lNHAbudCQ-X4g1gm0gPpexvJuiUS_CMkBoIGDs7Tu4TH204uDnKh8gHwCCmZeVSujtqA8meAQUcjzYoygEc0wNAGp51pSl8irjXD65SCsWya19soW1VRWYrm50V8EjXwWTb7MV0FMaM5178dodr0Qhf,towardsai.net,towardsai.net,2026-10-05T10:49:16,2026-10-08T11:05:19,2,14.0,"[""Apple Journal"", ""Day One"", ""Reflectly"", ""Rosebud""]",new,2026-10-05T10:49:16,,
https://vertexaisearch.cloud.google.com/grounding-api-redirect/AUZIYQEzBQ6j8wfxdZf1Qn9IFXmZPTcz3_cvBf3M0ttjJGvgQub7W-Ve9S7yXiFzcNUgLkVErZ8MC1YPH709gKXqLtCe4yyj9SeZjAAjRKW6-9DwUfZvtoOYeV8MNhu_ZQocX6kvtNEcOoLTeI-6Fg==,remember-journal.com,remember-journal.com,2026-10-08T11:05:19,2026-10-08T11:05:19,3,12.0,"[""Apple Journal"", ""Day One"", ""Journey"", ""Stoic""]",new,2026-10-08T11:05:19,,
https://vertexaisearch.cloud.google.com/grounding-api-redirect/AUZIYQF-4F46d5HXVN_SVHdfJxqNmBTJiiTmzzKUmSEO1HGEHrnKnqGYclzb21SmjG0OyxJZowonuegPfzBUGQrnUP7G5oHlvfAy_n1kYbyfDS2zveNXusACtl2hUZraJbW8yf2_h1RELuTKx4lwXeWj,pensio.app,pensio.app,2026-09-07T08:39:28,2026-09-17T09:04:08,10,29.0,"[""Apple Journal"", ""Day One"", ""Daylio"", ""Reflectly"", ""Rosebud"", ""Stoic""]",new,2026-09-07T08:39:28,,
https://vertexaisearch.cloud.google.com/grounding-api-redirect/AUZIYQF-F5W1J4jQfohBuo_HuLvCmJHT79_akiXXtefv1k0oeqYQETQnH54F0JqOdI7aZnPi3fQhnGjioxWcBmeX16I91De6-bZ0fVBwmGBCLEXcBzMw7OLPG-Uygs0PTffoilf0k2gQFiOkrlejgPoOIoQg1dFu-3fcXEvzsyiFAQ5ZqyGsRiNwfV629xntd6YDOGy2PGm77c766qgxQ9SbPGsXpiY9SznX2JWG-QGwdwfsErIdtBDZeYAB,denverwellnesscounseling.com,denverwellnesscounseling.com,2026-09-17T09:04:08,2026-10-05T10:49:16,11,32.5,"[""Apple Journal"", ""Day One"", ""Daylio"", ""Journey"", ""Reflectly"", ""Rosebud"", ""Stoic""]",new,2026-09-17T09:04:08,,
https://vertexaisearch.cloud.google.com/grounding-api-redirect/AUZIYQF-JMxFIOYr6H9_1PJ-n6gEq4RjYFHZSlAxtmzc7sgu0kvjvV7HKV9mFasL4LD3PEf6i8N9-4dOR2WpPqVVYZ1m6M3KmARPIfCvWFzZf2-NP1iNdABPST660sZXPRklAK2HOmcO0kFbun7Rzgxp,speakwiseapp.com,speakwiseapp.com,2026-09-07T08:39:28,2026-09-10T08:31:10,3,12.0,"[""Apple Journal"", ""Day One"", ""Otter"", ""Rosebud""]",new,2026-09-07T08:39:28,,
https://vertexaisearch.cloud.google.com/grounding-api-redirect/AUZIYQF-OUCOuXGrtjCfPeQbZ24zVhRFAhn96v7n_8jHKdGeh4ZIeaReCebLQ-BTugV6hcTmpHV5NMhH3d7R_j-RU0cFTXrIlj5ch6BKU2ttqhQNmPN51bzbN6eSMeE4urvjrBWWqxcIEaZ7CBYE3uhJQ11UMNW0vZqBwW8k-PdYWpiCDNqg0fXFZ6dvMXwosDs=,helgeklein.com,helgeklein.com,2026-10-01T10:33:30,2026-10-08T11:05:19,2,8.5,"[""Apple Journal"", ""Day One"", ""Journey""]",new,2026-10-01T10:33:30,,
https://vertexaisearch.cloud.google.com/grounding-api-redirect/AUZIYQF04uwL2E7KzPqOXnHYnLqa3R4e2MLL0y7Vbr8L_E1ccQc3bM4bTqdvFXIPMRzbg7ktQqEDQ81hsjss-cyPexj12OFYC5-mynDPMTZR7Ozv_awrTURmAi6wbZv8sFQDwysLsSQdJIyz_G8vREJtv6YHOoFPMrI6hj259sIAc4xQQrL7neIqZ4CgY_Lrm2yqRGXcmfeJoX7bl5pYMUg=,letterly.app,letterly.app,2026-10-05T10:49:16,2026-10-08T11:05:19,4,14.0,"[""Apple Journal"", ""Day One"", ""Otter"", ""Rosebud""]",new,2026-10-05T10:49:16,,
https://vertexaisearch.cloud.google.com/grounding-api-redirect/AUZIYQF0Qba_CA9-JarrGVpny0v_zWltNdzEadiTMvc1RwkxtijPukjWsQtqW7tCfR1F7z4U2fzq7yWMsQY7tMlkRlY0vFUtokz8SdHR8gmRu0iCQGqikcP01CvOrqBX45cUrmhi,medevel.com,medevel.com,2026-10-01T10:33:30,2026-10-05T10:49:16,2,7.0,"[""Apple Journal"", ""Day One""]",new,2026-10-01T10:33:30,,
https://vertexaisearch.cloud.google.com/grounding-api-redirect/AUZIYQF0XZ1PRAgBrntY7xQbL5ysdiFgknCCYKUAMg46K5SAVkGYMj_fDf1PhFx8g18r23di-D7_HdoZ905IFvLmDKse51_QtafVkxr5jKzGaQczrIsWPxJBI44yp7Sdfd95D5a-K-Tc5XM=,betterjournal.ca,betterjournal.ca,2026-09-17T09:04:08,2026-10-08T11:05:19,2,14.5,"[""Apple Journal"", ""Day One"", ""Daylio"", ""Journey"", ""Reflectly"", ""Rosebud"", ""Stoic""]",new,2026-09-17T09:04:08,,
https://vertexaisearch.cloud.google.com/grounding-api-redirect/AUZIYQF4-ZBKRFDINZVXRnhwM2ZM6UkNP4hwuVrybX-78WATQwYFm2f0J9B0x-S0S63SVIFoKwAJyTp-bhJYovuBy0GT28qIrEqtSeypcUMELVTFf_kuNAeOYUJcCNnXe6mz2GoiX_zGfyz850vm4qIyyBgmqM7h9sSfSQnSI9TsMiQKU-zdrCgOGKqF3uDwvLMoL0jYljIQdQ==,cnet.com,cnet.com,2026-10-01T10:33:30,2026-10-08T11:05:19,2,10.0,"[""Apple Journal"", ""Day One"", ""Journey"", ""Rosebud""]",new,2026-10-01T10:33:30,,
https://vertexaisearch.cloud.google.com/grounding-api-redirect/AUZIYQF4fc-dXyMMQ8Ox_bkt8C99I-cpVOAFupUolVimPy7nkEPaKdzFFaxOyoVa2byTFAU8Q5TuVR2ST_H0a3xHUoVu1R6IpZDkvTbowisNMrOcxGAFHdR6S5P5O_CFf_nNKJTnFzcEBii0xf-04eJkrBmx31Kigg==,gratitudegenie.com,gratitudegenie.com,2026-10-01T10:33:30,2026-10-08T11:05:19,3,13.5,"[""Apple Journal"", ""Day One"", ""Daylio"", ""Journey"", ""Stoic""]",new,2026-10-01T10:33:30,,
https://vertexaisearch.cloud.google.com/grounding-api-redirect/AUZIYQF5MTkqky-yqga4_XzrHsxhunwJLVC7XMjMOpw_n86nByH9ocw2fLN3n0_r-YQmc_Nw4LwD9WIS8VPsJXiQlDWwOYxqzODdDdXrqO7mgI_ovBQVyswjxFn9VMRn32Tkcgf6ugSpExxr6xROMpM=,aijournalapp.ai,aijournalapp.ai,2026-09-10T08:31:10,2026-10-01T10:33:30,9,24.0,"[""Apple Journal"", ""Day One"", ""Rosebud"", ""Stoic""]",new,2026-09-10T08:31:10,,
https://vertexaisearch.cloud.google.com/grounding-api-redirect/AUZIYQF6H9pxj7zwAydpzzqfD7vPi4p9_2KwPpqNDpQOHBjf-pvp790y7Rx98mqEF4BnYZ5txdHzQiqZzsvlW75WKSosu2XBMuZd4LBLysQ1cgbDixEiUHBpovp8Q8rj3djTQJoSQicPWehTVFCHtvqV8AM=,vowise.com,vowise.com,2026-10-08T11:05:19,2026-10-08T11:05:19,10,26.0,"[""Apple Journal"", ""Day One"", ""Otter"", ""Rosebud""]",new,2026-10-08T11:05:19,,
https://vertexaisearch.cloud.google.com/grounding-api-redirect/AUZIYQF74KBSR1BjFQ704byns0kVYsT_S0YSJfR1htmO5bcLMcum6jv2whl6f4wIKyssi1lEmfF4u7h6pA1cKQwv4erxa-qPsOXQQOmN5XA=,dayoneapp.com,dayoneapp.com,2026-09-10T08:31:10,2026-09-14T09:16:51,9,28.5,"[""Apple Journal"", ""Day One"", ""Daylio"", ""Journey"", ""Reflectly"", ""Rosebud"", ""Stoic""]",new,2026-09-10T08:31:10,,
https://vertexaisearch.cloud.google.com/grounding-api-redirect/AUZIYQFAzuO6FIKaiRS__5B1hJ13WSIlQ05wGlymlqrdVE_C52r61Yjse2nvWDcG03_4E1cpjXD65yQaFloiKEAI_LAEDO5bVJlPrFYymnhU,journallm.app,journallm.app,2026-09-03T08:26:35,2026-09-03T08:26:35,3,12.0,"[""Apple Journal"", ""Day One"", ""Rosebud"", ""Stoic""]",new,2026-09-03T08:26:35,,
https://vertexaisearch.cloud.google.com/grounding-api-redirect/AUZIYQFBIk_rF7AT5NZE9-Mwl41QbHKsTx3E5qAMbkCHy4LQ24G0fQcS4inkxvJ83Z4-KqWFhcxD7rF11Cyzdxrus4F8Pq1g_X1EHhGTJ8Qw8hZBhFce_Z3H9R8E8xwLqucQUsn7wR7Yq511XiyYaI4=,aijournalapp.ai,aijournalapp.ai,2026-09-03T08:26:35,2026-09-07T08:39:28,2,10.0,"[""Apple Journal"", ""Day One"", ""Rosebud"", ""Stoic""]",new,2026-09-03T08:26:35,,
https://vertexaisearch.cloud.google.com/grounding-api-redirect/AUZIYQFBdlFWwvMMghevZKACBToCIdJWI56jp_bIthKneb-s1YM7Ob6JKL6igoNDrmpKZErvcQxPmWkqVRJAn8_17sK2T79XYDpbSLYB-AK7MSZTKu91QNScr1KONR-Ah9Xrp3BL7-Kbe-5RvUc9zxWy-J8mElcyvsJaK4rGjRYgxmz3jLWbRw==,vividiary.live,vividiary.live,2026-10-08T11:05:19,2026-10-08T11:05:19,7,28.5,"[""Apple Journal"", ""Day One"", ""Daylio"", ""Journey"", ""Reflectly"", ""Rosebud"", ""Stoic""]",new,2026-10-08T11:05:19,,
https://vertexaisearch.cloud.google.com/grounding-api-redirect/AUZIYQFDVY0XNRLM-EUsigdmXGZsA7A6XIG9I2H8Np9SiRMHLrJXp20Fvr5sWOsTRNKeNXP1GdbEsdhdwcnpuynx0KHuI0SraIYBoYba,logseq.com,logseq.com,2026-09-24T08:52:59,2026-10-08T11:05:19,3,9.0,"[""Apple Journal"", ""Day One""]",new,2026-09-24T08:52:59,,
https://vertexaisearch.cloud.google.com/grounding-api-redirect/AUZIYQFDs0a-o_1JNcr49K7xvxepmHMnhnZ5hCFSGE6x0bSnI-y9_riSnXI-a04Sc8y_BUXmLJndpJI3MFoyG0ueW5F94T8YDxntG5KgRlmmXYj4Hco4zUdZpxHUqfzQhukndZNxSqNU5vTpQbqn,getmindspace.app,getmindspace.app,2026-10-08T11:05:19,2026-10-08T11:05:19,2,10.0,"[""Apple Journal"", ""Day One"", ""Journey"", ""Stoic""]",new,2026-10-08T11:05:19,,
https://vertexaisearch.cloud.google.com/grounding-api-redirect/AUZIYQFEAzyaM8pTp03fswpJG90aa0x9VGEC4r8xsn3tXqxTlcF11NoYxjNchuThniU1VdTeLGeN9lmW4TKWcLYUW4WnfiV-ID-XQpsANwfuVDmb3IlnXbDh4pB4Un9RhbkNE-PRYQGePg==,nuju.app,nuju.app,2026-09-28T10:09:19,2026-09-28T10:09:19,3,10.5,"[""Apple Journal"", ""Day One"", ""Rosebud""]",new,2026-09-28T10:09:19,,
https://vertexaisearch.cloud.google.com/grounding-api-redirect/AUZIYQFEDeWHte1S5E1OJhwQINhQP_UXI43kjxwKQ5X6ifjQw7P57MupjVEbKIYm4A49b7cMSsQicHjJ8QlaejKNr2Ilj4U5LxRzvsiy3_fLpXN6HT9Dc5JvInovklhGyEp7C0mQoGE=,timeless.ai,timeless.ai,2026-10-05T10:49:16,2026-10-08T11:05:19,2,11.0,"[""Day One"", ""Rosebud""]",new,2026-10-05T10:49:16,,
https://vertexaisearch.cloud.google.com/grounding-api-redirect/AUZIYQFGP8qeePBgE3SdeQcC_3lhQD51pOcx_78ugSlI3pMBnLwX-Rl3BqeZ5hLFK4P3GZJYg78n52EZAJIzE9hlLLG-Sy-d3LBM_oznhiYnvnIAWCEbwjEXYsbEbkcnWgyyDGerv9SKK3OLtcCczHw=,architectapp.ai,architectapp.ai,2026-09-10T08:31:10,2026-10-05T10:49:16,2,10.0,"[""Apple Journal"", ""Day One"", ""Rosebud"", ""Stoic""]",new,2026-09-10T08:31:10,,
https://vertexaisearch.cloud.google.com/grounding-api-redirect/AUZIYQFH0HkjQiJdshCmtGcEzv4ZvTJqZY31Wu-z6Y3qSCqSLEujrmtj23HYcCyYlup4L5bdQsF_9RdD3SL6WUNhffSIKOOX1w_gdrVHQF-1IfbJ085rJp67Ye_tE2nRHz7MZbBQzzmNuQKRhB7yM2G7OvNSAUmA5XxT7-0UZLSAbmbViMh7Km4=,vividiary.live,vividiary.live,2026-09-17T09:04:08,2026-10-05T10:49:16,5,20.5,"[""Apple Journal"", ""Day One"", ""Daylio"", ""Journey"", ""Reflectly"", ""Rosebud"", ""Stoic""]",new,2026-09-17T09:04:08,,
https://vertexaisearch.cloud.google.com/grounding-api-redirect/AUZIYQFMPo0-MnemE-PTL3YBX_LYSNzdqCKa3OzTEYKv9hpF3br3-NOgPNFccB85wWiLgCH4yq9zYbWYJROy27982qAmCx3wrgaC4AFxXFQL,dayoneapp.com,dayoneapp.com,2026-09-03T08:26:35,2026-09-07T08:39:28,2,11.5,"[""Apple Journal"", ""Day One"", ""Daylio"", ""Reflectly"", ""Stoic""]",new,2026-09-03T08:26:35,,
https://vertexaisearch.cloud.google.com/grounding-api-redirect/AUZIYQFMg8MQDvw-6blscB7TbN8V9faqHNQB9kaFiGC03ARwX1hHRRKrow9hlNUkB0R-3Ole7nisYNgnDXJQIG9LwfO9aousCIbKv7hqFS-F,dayoneapp.com,dayoneapp.com,2026-08-16T22:46:34,2026-08-31T10:43:19,2,13.0,"[""Apple Journal"", ""Day One"", ""Daylio"", ""Journey"", ""Rosebud"", ""Stoic""]",new,2026-08-16T22:46:34,,
https://vertexaisearch.cloud.google.com/grounding-api-redirect/AUZIYQFOUhNI2_QgyQpj6fwv2ZihscfsMpdNEHNtJLWKbXJ8uthxeDUawv6RZdUhU_7Rsr3zcb3r649CFJ4xbeCQl1UkTAbn1P5qJXV7wFuQTMNC,diariumapp.com,diariumapp.com,2026-10-01T10:33:30,2026-10-08T11:05:19,7,20.0,"[""Apple Journal"", ""Day One"", ""Daylio"", ""Stoic""]",new,2026-10-01T10:33:30,,
https://vertexaisearch.cloud.google.com/grounding-api-redirect/AUZIYQFUa1uAFJ2u-69fzLo6XP0hL6edmF2MJRpuX7tC5ptTBkOyOvV9PV4tk2vud5Lz-VvtK_4TOIqWxkOE44ht8IGDNiXUsArrOidRaoa3SJydqra8G5Jh35FiA5KAOePXp9Oi19Ynafz6W8bVCJ9wHdap0xQnbbA1xJhDojzakF5C9YkVOoBj0TaRRpLjpcLGI5GLnNRvW2A=,htworld.co.uk,htworld.co.uk,2026-09-10T08:31:10,2026-10-08T11:05:19,2,10.0,"[""Day One"", ""Daylio"", ""Reflectly"", ""Rosebud""]",new,2026-09-10T08:31:10,,
https://vertexaisearch.cloud.google.com/grounding-api-redirect/AUZIYQFWV99YFTESd9Ptqqps3el81nXV7Uo0X6pGGeAvwKOiUT9Ex8foqzyZiitQwZXj_G_1ccKtMzJ59x_gdWzQPGU_ahCeXEs0Ng0dPMYmyDl6jUj-R4RcC52J7QPqQgomoYG9DSa1mVnTAwiQ--rf5tidVblX,getplumeapp.com,getplumeapp.com,2026-10-08T11:05:19,2026-10-08T11:05:19,4,18.5,"[""Apple Journal"", ""Day One"", ""Daylio"", ""Journey"", ""Reflectly"", ""Rosebud"", ""Stoic""]",new,2026-10-08T11:05:19,,
https://vertexaisearch.cloud.google.com/grounding-api-redirect/AUZIYQFX2PtzqpIWbFPIxTw3K4oWF7RoIt2hmKezK6T3wKOInwTqWj7yfP8rTdC-g_5mwOa5RRuRQ9NgW0W0Se3LZDIdMJgDtyERl065r64Z3lflJ6wiLrswIxJ6e7Qz3y3RP8lDtEJd2144lG4=,thebighead.ca,thebighead.ca,2026-09-24T08:52:59,2026-10-08T11:05:19,2,10.0,"[""Apple Journal"", ""Day One"", ""Journey"", ""Stoic""]",new,2026-09-24T08:52:59,,
https://vertexaisearch.cloud.google.com/grounding-api-redirect/AUZIYQFYidKeu8-S8nRRBLHYKorbFdPjo3zEzqqh1cK9CC7gLN1KiNs7rJ9nMoM7vipbm_3TWvgNuWYhgysLHOZsarKYMOUbamv00MjptvTtFgxxSooMhexSlKNBrc2DNjG9Pjj_vNJtU1KUrcFqPRHKhuZzJg1hBTPWD11CffugWPU=,cosmicuniversaldesign.nl,cosmicuniversaldesign.nl,2026-09-14T09:16:51,2026-10-08T11:05:19,2,10.0,"[""Apple Journal"", ""Day One"", ""Reflectly"", ""Rosebud""]",new,2026-09-14T09:16:51,,
https://vertexaisearch.cloud.google.com/grounding-api-redirect/AUZIYQFb9MU4LLFE0B7ZftiUric-xNOUxRt-zh5euLjxtx7tKTqPEVwpQqNRVyrhsbBw_DkV6lrKUPvccoK69Pcxs8Zm5xBFYmZgyPlNlFtUqhnRtMFqOAlEeXOxRWRtSvo0sSqa_8b9AXUuQf9n_0ivHA==,freedom.press,freedom.press,2026-10-01T10:33:30,2026-10-08T11:05:19,3,10.5,"[""Apple Journal"", ""Day One"", ""Journey""]",new,2026-10-01T10:33:30,,
https://vertexaisearch.cloud.google.com/grounding-api-redirect/AUZIYQFbSUU12Eal1xYlsa_LU-2cLCszuqqVl3pDIA0gLdLpU_fIsVZwi0ssLbM065ZRTVHKQe0jOqUENIrjh1JZQeWIfZIgrcZrybMMMnpWfVNYpsOzZZ6Upu4iQYG4fgb525Q6vPn0PYZqm32QwB7qpfB8sWemeahXhXmK3o4=,lifehacker.com,lifehacker.com,2026-10-01T10:33:30,2026-10-01T10:33:30,2,14.5,"[""Apple Journal"", ""Day One"", ""Daylio"", ""Journey"", ""Reflectly"", ""Rosebud"", ""Stoic""]",new,2026-10-01T10:33:30,,
https://vertexaisearch.cloud.google.com/grounding-api-redirect/AUZIYQFc9o-O6CMHQMFC63v-9hXC438TKyOc7ghpc5KZpmY6JSG8Awo4my1QcSJIiYtM6b45ThpXAU9397jPF31bYbLJoa4hLZLdpOJ-3nDR2QbsxdMrZN04mYMPqYBOqCgwQb8pT8FreARGAw4hGKkhLhlEQ70oOLfZIXW8tqF3krOZcIBD2CJlZszvzqVZrliCDUmP2El8OysIedFxIgzOkuBiBEVZwrypzwrveuh3nI7GQS64ddhXTS84ZA==,denverwellnesscounseling.com,denverwellnesscounseling.com,2026-09-10T08:31:10,2026-09-14T09:16:51,6,22.5,"[""Apple Journal"", ""Day One"", ""Daylio"", ""Journey"", ""Reflectly"", ""Rosebud"", ""Stoic""]",new,2026-09-10T08:31:10,,
https://vertexaisearch.cloud.google.com/grounding-api-redirect/AUZIYQFconmaFjkDm88BR5bEDrxyUUThvMaws5KSKTODvzAddn0JxUPqCk_r6DcuBS7usvUHxUWoR1xFgCCSpFV7z9DWeqkLaXDtsnTXiTJ3n4Zzh6PMUKsNOpgO01_bODyJTdk8O45ZoL-2xKlxfSY8roEFORS2,clairecalls.com,clairecalls.com,2026-08-16T22:46:34,2026-08-17T02:14:51,3,12.0,"[""Apple Journal"", ""Day One"", ""Otter"", ""Rosebud""]",new,2026-08-16T22:46:34,,
https://vertexaisearch.cloud.google.com/grounding-api-redirect/AUZIYQFcqm0Yr6PdBi3w8YGqv-Qm-z-rDvZ7gtxcMMtTIjcdZZfPbTvDKTCoYypxljfskfsZgQlFEFLhVKLbzXJJ8w4frdJtHfZRUy8JRTCKbS2VQ2N2vPmzqt5AclUD8XiG6f9NdGXXrZCyFfGnObAaJEBhpm47Yg==,gratitudegenie.com,gratitudegenie.com,2026-09-10T08:31:10,2026-09-28T10:09:19,2,8.5,"[""Apple Journal"", ""Day One"", ""Journey""]",new,2026-09-10T08:31:10,,
https://vertexaisearch.cloud.google.com/grounding-api-redirect/AUZIYQFgdcJ3VZCiMKOxBPskcaUBnf4UQm8_08JVUJxtXFdEEflaU3PbjdJf4hKvun6H9Z3YYfP2lgZCkrUb7fE6RQGKUqe3rgKl9UE1c4hQCrIhRx6zGhX7v2TSXuUExO9aBI1dfk7dTqxnSBHFl7fv5IOGMpoM3urqEtq4on_UEo74RHCMQO4wOw==,mindfulflowjournal.com,mindfulflowjournal.com,2026-09-28T10:09:19,2026-10-08T11:05:19,2,10.0,"[""Apple Journal"", ""Day One"", ""Reflectly"", ""Rosebud""]",new,2026-09-28T10:09:19,,
https://vertexaisearch.cloud.google.com/grounding-api-redirect/AUZIYQFhmaHGm7XIIFoQ1_M8fki2B0RLenGHNrC14QWoWvXuDNwxKj3yC8AtxnDYknXwIZ-bsAmseUHEljGYRzaPBn6mncQK4i3jxpmCpI1VFdS64GP9sI048903iLi_AfSnjsxnVeq8zE3cqe9e5r5rSg==,mirrorselfapp.com,mirrorselfapp.com,2026-10-05T10:49:16,2026-10-08T11:05:19,3,10.5,"[""Apple Journal"", ""Day One"", ""Rosebud""]",new,2026-10-05T10:49:16,,
https://vertexaisearch.cloud.google.com/grounding-api-redirect/AUZIYQFjJJCv5PqZIcwec0En-9QPtY6g233hLWYCjHIKsdas0EA-g6s6uVpJUfez5T2V1jElJNGJNk0MrFTZv-0ACN_Fh4wt2lx6KvEZykS6Ap1m5EcjVcSWh7o3PLPYjHThrXf1B9MqVA==,hormoscope.app,hormoscope.app,2026-09-10T08:31:10,2026-09-28T10:09:19,3,12.0,"[""Apple Journal"", ""Daylio"", ""Reflectly"", ""Rosebud""]",new,2026-09-10T08:31:10,,
https://vertexaisearch.cloud.google.com/grounding-api-redirect/AUZIYQFkH_Ew39esofAfWUavwTgLj9qIVgbTgFxfhYNXt3xIp9IUTMRwXhHkp-bcEHBmk72tec39kZCJFQtzLPKtmaQvWMsvbQk_o2KWMZWQXjvvjMvioBNhLHpWUXHUuFiA4AVY_iKnPQEFMI1RO1stng==,usenix.org,usenix.org,2026-09-24T08:52:59,2026-10-08T11:05:19,4,18.5,"[""Apple Journal"", ""Day One"", ""Daylio"", ""Journey"", ""Reflectly"", ""Rosebud"", ""Stoic""]",new,2026-09-24T08:52:59,,
https://vertexaisearch.cloud.google.com/grounding-api-redirect/AUZIYQForzKQ3copRGTwPCBHRewMXdUTV4rIM-um34dGQY5mroRlgsu8qjzKyWJkfiXW4Yo6EcEUh6wPOsLkeeGXxachxXQel2E6SXxFBG1m-CTcvEfnLs3ghWcCHisMuFx7bbOOAjaG0ICocB3W2OoeuVahiyYRwDUCWd_scgnXYg==,quasa.io,quasa.io,2026-09-21T09:18:37,2026-10-08T11:05:19,2,7.0,"[""Day One"", ""Rosebud""]",new,2026-09-21T09:18:37,,
https://vertexaisearch.cloud.google.com/grounding-api-redirect/AUZIYQFpwZ0YJWjgFGGhbgxTe2ijjGyuKOs42tWCaPy8zZMPsAAPYtL4pCNy4q4Int6e9_10a0u7Q0ZZ3YhNoy97UuCGuKjxid20vUzdecyQzg==,mindbank.ai,mindbank.ai,2026-09-14T09:16:51,2026-09-17T09:04:08,3,9.0,"[""Day One"", ""Rosebud""]",new,2026-09-14T09:16:51,,
https://vertexaisearch.cloud.google.com/grounding-api-redirect/AUZIYQFr5Fy1GW45rb5OIux6NeAA8YbD_WN4vncUImvqTShjZEUONUu1w4XWZy2iGn22-g38zXH5PzWBqxzVWfSq0I5aSak92Cc1s_DmTYudnWZhaMhXvFIlKOhvAd39hAK7vP4tD4qNmQKLUQYy8A==,remember-journal.com,remember-journal.com,2026-09-24T08:52:59,2026-10-05T10:49:16,2,10.0,"[""Apple Journal"", ""Day One"", ""Journey"", ""Stoic""]",new,2026-09-24T08:52:59,,
https://vertexaisearch.cloud.google.com/grounding-api-redirect/AUZIYQFrai6ea6jXkLnDYN6PIMAIiFc8SkAfztInh7oEDfAgmzOwrxMVEXStwV5M-OqyvlOV7a74GtjUW_Z01VVuflLJ2bThcRnvJN8WShBJuxvyo88tiApcreNeHE2ml1kbpJFWImBgfL-pdAg=,balancejournal.app,balancejournal.app,2026-09-10T08:31:10,2026-09-14T09:16:51,2,10.0,"[""Apple Journal"", ""Day One"", ""Rosebud"", ""Stoic""]",new,2026-09-10T08:31:10,,
https://vertexaisearch.cloud.google.com/grounding-api-redirect/AUZIYQFskDJ5Pln0dwLQhHgnkfe7rfOg4rXW4RJN6HeUMwodRFFwNf_MZ8iy35TeOOkwgCncA0XgfzlMeqdb8ofKbVLaYIrHBnlDW2B7npI=,memos.moe,memos.moe,2026-09-10T08:31:10,2026-10-01T10:33:30,3,9.0,"[""Apple Journal"", ""Day One""]",new,2026-09-10T08:31:10,,
https://vertexaisearch.cloud.google.com/grounding-api-redirect/AUZIYQFtrpirRwwmYh9cOiU1a3RiBWH2lt-OvIqxfftb9s5x9oSHBXk1aouvcuhawwwB8YblffLxlrMO5zTYDixvBWnt9SbOJagzRhlTyW33SZTJCfHcRYKO3jWB8FZ8sK6VUOsl3Q==,mic.so,mic.so,2026-10-05T10:49:16,2026-10-08T11:05:19,5,17.5,"[""Apple Journal"", ""Day One"", ""Daylio"", ""Otter"", ""Rosebud""]",new,2026-10-05T10:49:16,,
https://vertexaisearch.cloud.google.com/grounding-api-redirect/AUZIYQFwgqEs--9ktx09prpU1hFXqCd3feWr2V2L8bu8lEuNodIVqw53A_JmvkoV_SIB31UKw_hwHi8ER4J41ilHI928ZKpqKAW9Im6o0Mo1nSR6tZ3hnsQ_QQHvB_cVhSGsytYhvd-vhc_sCtZ6fkKRLxGPlyd2ujrzVw_oo1x64Q_qMM0GQid1gQ==,lifestance.com,lifestance.com,2026-09-03T08:26:35,2026-10-01T10:33:30,3,16.5,"[""Apple Journal"", ""Day One"", ""Daylio"", ""Journey"", ""Reflectly"", ""Rosebud"", ""Stoic""]",new,2026-09-03T08:26:35,,
https://vertexaisearch.cloud.google.com/grounding-api-redirect/AUZIYQFzidhKUmjA0e55ABXEzFnOPq83prxHlgTCPH_8gs1WEl0QWJBzO378FQ1W9rhhd3vhT3KT2R-wgyK4_63jOHneDwEV23kudZU8ltu6Pt3DBuzGszW9SfGoV_Dt9hjdU3-ipdeafmdEpdNvdVZZ0PBlLKwnVMNj,lifelogdoodles.com,lifelogdoodles.com,2026-09-07T08:39:28,2026-09-10T08:31:10,2,8.5,"[""Apple Journal"", ""Day One"", ""Rosebud""]",new,2026-09-07T08:39:28,,
https://vertexaisearch.cloud.google.com/grounding-api-redirect/AUZIYQG1-zuULy2Yhq8nOW9ykqCEA6fZ0gBIof9hK9rzyElvGG2Lw8afAHFmR31oLq1WIOO8OMbH-HI5ai-iQL794oYd2R4tl9Awkj6PrBrR,audiodiary.ai,audiodiary.ai,2026-10-05T10:49:16,2026-10-08T11:05:19,2,8.5,"[""Apple Journal"", ""Day One"", ""Rosebud""]",new,2026-10-05T10:49:16,,
https://vertexaisearch.cloud.google.com/grounding-api-redirect/AUZIYQG1R0hhF0lv1-IrRnPNXzvBMB2pUXbbH_j1InQxbY4OmaK3fLrp8GHgYX1RyyMv4tOpKgCOjSToQKKpASfHoy8xPmvySfpFJ9r1ng==,moodquad.com,moodquad.com,2026-09-07T08:39:28,2026-10-01T10:33:30,3,17.5,"[""Apple Journal"", ""Day One"", ""Daylio"", ""Reflectly"", ""Rosebud""]",new,2026-09-07T08:39:28,,
https://vertexaisearch.cloud.google.com/grounding-api-redirect/AUZIYQG58d2aiwlr2ziEev3P3nRFdRy_HgQTi4uoYbEQA-J2KlDjguOflY5yA74mH0bR-hEshCQEKSCfnDXgnFhyT_2V5sSM0tRlAcrsozzCQIs=,mindbank.ai,mindbank.ai,2026-09-07T08:39:28,2026-09-10T08:31:10,2,7.0,"[""Day One"", ""Rosebud""]",new,2026-09-07T08:39:28,,
https://vertexaisearch.cloud.google.com/grounding-api-redirect/AUZIYQG8KOXSFm-UKEssLnphAfxuPiXfhsYHOXl8-uZHIeM11akTmaJZZ3j4TR7iasdh3LR_DbQSv8g4-D7RgFxAdGQ-GM5QxXH41nAH-QWYYKCRE_rXeL9efQXdBw==,mood-me.com,mood-me.com,2026-09-17T09:04:08,2026-10-08T11:05:19,3,12.0,"[""Day One"", ""Daylio"", ""Reflectly"", ""Rosebud""]",new,2026-09-17T09:04:08,,
https://vertexaisearch.cloud.google.com/grounding-api-redirect/AUZIYQG8S9-vxDhN6DfDgHTUlsAJNw39tQVujGPxPqlum0_HTEx2eW0eybdMR9WtW0S-_QeE_J0AzaBnvL5spkpHwRnUFUGTAeWgOqSK97dKOu8NVi4spC5tKRkpKLjuvZvc0x7t_Mix-FUD4KZXfnrG3sWGlukn4SLOYK0XkrWj8slVPgcqb_5Wbdg=,xda-developers.com,xda-developers.com,2026-09-24T08:52:59,2026-10-08T11:05:19,2,7.0,"[""Apple Journal"", ""Day One""]",new,2026-09-24T08:52:59,,
https://vertexaisearch.cloud.google.com/grounding-api-redirect/AUZIYQG95cbODQJCDtFfV3CZ8KD_lKsUyyDsjQUNaSoplP1cCb9It8bKZl8XaeVQx0RadYWamqPsbiBMDii9mlVql-Z2akzz6SUAEGGtyR56pJTd7qHf6Lnf9o2YPzU81UC4ZCNVPjZdrOsW2JrSHhWbDyFqHWVIuQo=,microsoft.com,microsoft.com,2026-10-05T10:49:16,2026-10-05T10:49:16,2,10.0,"[""Apple Journal"", ""Day One"", ""Reflectly"", ""Rosebud""]",new,2026-10-05T10:49:16,,
https://vertexaisearch.cloud.google.com/grounding-api-redirect/AUZIYQGANlvTnkI5ZbWvx8wPKFEOZnRj1MD1C1lnBDE3f-oSFcdZ9rvAs8fbbpki6TUCawLdxcreRxm6TB0Wj2l3pZ3c5TUj7to8DyOlPkX1x6VcD0PiNGN73NN40lous9OTTgiTQdhjB1IMVXYVYFPWYt1pYW0Seg==,microsoft.com,microsoft.com,2026-10-08T11:05:19,2026-10-08T11:05:19,2,11.5,"[""Apple Journal"", ""Day One"", ""Reflectly"", ""Rosebud"", ""Stoic""]",new,2026-10-08T11:05:19,,
https://vertexaisearch.cloud.google.com/grounding-api-redirect/AUZIYQGBPrYZ_NSUHaVQMVxEUOEJrZ6ohcI8BIly9qOZLWE9mORa9BDt-LUWDKcjQpKDIsUmqG_sqlF0A__2JSlZlD5U8OUVVnck9AXe7lyw22WbVJcRzRgrBe8MelT9vgtMz5ZOKU1csO5EUyz1JbQ3b34j0gkmSlysNcZAPj1UX_86ll4=,typingdna.com,typingdna.com,2026-09-17T09:04:08,2026-09-28T10:09:19,3,12.0,"[""Apple Journal"", ""Daylio"", ""Reflectly"", ""Rosebud""]",new,2026-09-17T09:04:08,,
https://vertexaisearch.cloud.google.com/grounding-api-redirect/AUZIYQGD6LMW-6EuPNrs2noxz4NHno6oz2Ie3kHks6aQ0KJ2oDM2cHcc3cmJQm7lIucmYissfTIriLJJ0CGbh_IbDCKzOtbWkSszSEOqyk2i,delphi.ai,delphi.ai,2026-09-07T08:39:28,2026-10-05T10:49:16,2,7.0,"[""Day One"", ""Rosebud""]",new,2026-09-07T08:39:28,,
https://vertexaisearch.cloud.google.com/grounding-api-redirect/AUZIYQGEYF6_Iq5HQ8V8g5IJlK6YFreZ5I7sWjcQjKq6baX3wus-NMzuee9k6MCyTCXQKgML6vQg9c0NWI4RuvmzC3J_hxAFDlauxbF71Qic_OuOD58QljYMbZUOeWs3qKXhI74ft-KI_d4=,nih.gov,nih.gov,2026-10-08T11:05:19,2026-10-08T11:05:19,3,12.0,"[""Day One"", ""Daylio"", ""Reflectly"", ""Rosebud""]",new,2026-10-08T11:05:19,,
https://vertexaisearch.cloud.google.com/grounding-api-redirect/AUZIYQGGgVbWfgTFJ7oDiYhvfakqSVKNIv-hpPFldtHOMRJs5T9ZRAjwJRCMcDxbJG3mZRcIuMxkgRG5_PaJShbFP9d0uSgexjoKSDr4RXeghl0MMX7yIlyh9MtteGoEC4AUcR08dcgAVrrzCKOqdVDnp05zmY3sXtKjDbD6_60uquO8xzetq3M=,macrumors.com,macrumors.com,2026-09-10T08:31:10,2026-10-05T10:49:16,5,20.5,"[""Apple Journal"", ""Day One"", ""Daylio"", ""Journey"", ""Reflectly"", ""Rosebud"", ""Stoic""]",new,2026-09-10T08:31:10,,
https://vertexaisearch.cloud.google.com/grounding-api-redirect/AUZIYQGITwfCFTvSVjMO5kwFgHt39TG58crhSGLfs81Qdc-Rwh3pE4zcSE8XvqzixW3igw_sJdR-meAyyKMdKGy4AuGTwZ1ehQNwGSuNhavP0f0KHeKUSAcPHZmN6J8AIRD6gXnuWMT6VzMDPAMe17qoK65VUlVh6Q==,knowyourethos.com,knowyourethos.com,2026-09-10T08:31:10,2026-09-17T09:04:08,3,14.5,"[""Apple Journal"", ""Day One"", ""Rosebud""]",new,2026-09-10T08:31:10,,
https://vertexaisearch.cloud.google.com/grounding-api-redirect/AUZIYQGJTxVFtoj3i7b31I3AukrtQDemjNJWM_2rZGyGr33V2RnozCeG0UpaQXHDmW7WS_CxSyvW92OAhej_zeCiz9Qf7PvCrzYwJDTowwEtN5Y=,mindbank.ai,mindbank.ai,2026-08-17T02:45:52,2026-08-31T10:43:19,2,8.5,"[""Apple Journal"", ""Day One"", ""Rosebud""]",new,2026-08-17T02:45:52,,
https://vertexaisearch.cloud.google.com/grounding-api-redirect/AUZIYQGKNswK-lTI56uNdJV1P2d8sYBsVZUm_sUFl16b_tpgkls3022AkW6GYLsLGjWwiPHJXGqOfh5ejdN5AF5r5Hk_v5uQCMMJUzlEA2Q9_tcG4XmeEB2hmp07e4lYfN9e_lI0MPSYf4971CtlLiZ8SY2fKUiYaCqzammPZXD6sKPqlJNAjgn3AqgRJQNvnFDOZotfvVbQXpjWx5Db4BgbZowQt3gkEEzfZBGflWmv6K9WE-X6MCAGSvbwvegSf8gpkQ==,williamjames.edu,williamjames.edu,2026-09-10T08:31:10,2026-10-01T10:33:30,2,14.5,"[""Apple Journal"", ""Day One"", ""Daylio"", ""Journey"", ""Reflectly"", ""Rosebud"", ""Stoic""]",new,2026-09-10T08:31:10,,
https://vertexaisearch.cloud.google.com/grounding-api-redirect/AUZIYQGKO_0qk675Jl0Ij_7Du5RPoCEzjkYdYpTq7wk_PuUJnOE6DOxrA21lAJcdy0Z518hXfYGYH5GgCVhkyIY9ZWalHhocsdbwRD-CK4bjiPOIwbjUwfKQZ24f_bMxf76sRbPWx0UrfbwI-QiDRPS3yg==,getplumeapp.com,getplumeapp.com,2026-10-01T10:33:30,2026-10-05T10:49:16,2,11.5,"[""Apple Journal"", ""Day One"", ""Reflectly"", ""Rosebud"", ""Stoic""]",new,2026-10-01T10:33:30,,
https://vertexaisearch.cloud.google.com/grounding-api-redirect/AUZIYQGKoKrkkA4xR2bFgq6CQzUjSLsJw2bEqdYAeusQKdp4FzZw1ILRaj9plcAWEEsrZsOTwix1vsIP7ZLge_1ba0hJPnCWeskL3g6eDdTns2rx838HLSVvjZ9J2q23Um9S74Op_EVwQQ==,habitbox.app,habitbox.app,2026-09-03T08:26:35,2026-10-01T10:33:30,2,15.5,"[""Apple Journal"", ""Day One"", ""Daylio"", ""Reflectly"", ""Rosebud""]",new,2026-09-03T08:26:35,,
https://vertexaisearch.cloud.google.com/grounding-api-redirect/AUZIYQGLkv43eJelFKgiGV80l1x2A8JjnTvqTeU1vJ01GzpKYoSMNF8Qk5aTVtiyjp8DO_vZhuwE54pPmcFRu_lZcQLjsd_JZ-0mhsM_01Am44ZENWFgOjtsQuOxRfs5hru2agJOLhjmdlP5HqARmVY=,pensio.app,pensio.app,2026-08-16T22:46:34,2026-08-31T10:43:19,3,13.5,"[""Apple Journal"", ""Day One"", ""Journey"", ""Rosebud"", ""Stoic""]",new,2026-08-16T22:46:34,,
https://vertexaisearch.cloud.google.com/grounding-api-redirect/AUZIYQGOzvidTMqwdiTHwzo3zJntUob9G3-FtpFG5Wh3s1fUpsR5ct4zBvuVRdw_36DANXL1qTMZ-gOqNqhncHN8TXLLaDbjYKrKkG4C3Fqg,gitjournal.io,gitjournal.io,2026-10-01T10:33:30,2026-10-01T10:33:30,2,7.0,"[""Apple Journal"", ""Day One""]",new,2026-10-01T10:33:30,,
https://vertexaisearch.cloud.google.com/grounding-api-redirect/AUZIYQGPm5oaL2dP6t2PhzjqckiB0FplkniQYtn5f_I_O945zRIrrfGG3peLuzDKkrjFfb8FW1Y3pWhi7mvbtlraL1DI26Jz0GAjB0dUN2Ze6bQTR2Y7LM7a07QNPRGd2y-yGxpbC9c70Im0h619V_IX_PpBjuOpRY4z3Q==,techrxiv.org,techrxiv.org,2026-10-05T10:49:16,2026-10-05T10:49:16,2,10.0,"[""Apple Journal"", ""Day One"", ""Reflectly"", ""Rosebud""]",new,2026-10-05T10:49:16,,
https://vertexaisearch.cloud.google.com/grounding-api-redirect/AUZIYQGQ_GHkKX4-B_ba6QZNFt-XOq0dgbfYUHgQ3oBgG4DnsQboTcGVwZqamX-95C6i3pOMnimBoqCt8n4EwzXDpdhOaTq9W3B1w3fA9F1tSVRcC67KJjtbqKgG_nJOwcFPfiaxz-8DdlGhx6TEI8gipfLF6xNaPM9XElFXGLMBqP6xZdA-HJ9tkqAwgnXL_TAaKMd-SESa2LWOQ7gv_jM=,letterly.app,letterly.app,2026-08-17T02:45:52,2026-08-17T02:45:52,2,8.5,"[""Apple Journal"", ""Day One"", ""Rosebud""]",new,2026-08-17T02:45:52,,
https://vertexaisearch.cloud.google.com/grounding-api-redirect/AUZIYQGSRw3KrQJvJa6rU5WyL5RFF63tO7vxwsjKcEVE0VkCKBPzmePHKexwdw6s2cVPgyW1eKWIIyuJoB0OIAD5uUEvOrxxE2igY0M=,memos.moe,memos.moe,2026-09-03T08:26:35,2026-09-07T08:39:28,2,7.0,"[""Apple Journal"", ""Day One""]",new,2026-09-03T08:26:35,,
https://vertexaisearch.cloud.google.com/grounding-api-redirect/AUZIYQGdv9POw9vb3zespIL_CGI6UfSq5jgZbLPXG8XDAcO67jodZ_59Uletfj1KNk6UXjYwvQy9BCKEQkw1N0jTkgWUU7YDEaPRBfW_dHQjHEYI8LmwiY1AiK7T9-LHPXFo_i5ChBE=,choosingtherapy.com,choosingtherapy.com,2026-10-08T11:05:19,2026-10-08T11:05:19,4,18.5,"[""Apple Journal"", ""Day One"", ""Daylio"", ""Journey"", ""Reflectly"", ""Rosebud"", ""Stoic""]",new,2026-10-08T11:05:19,,
https://vertexaisearch.cloud.google.com/grounding-api-redirect/AUZIYQGjeXFHVfgw_zLajV3moW2TtiSuKeVCWDDjuTlwUC1nsoHf6swgZSlk_sfdDlsOiy8vhNIlGoD_95uNfNmvV1sIEwZ5D6I6MpIhwIQN6mOlAkrRwQKufuTSgn1S4DlJhwTv_aLQTpcCZASHaay5Seod,pensio.app,pensio.app,2026-09-03T08:26:35,2026-09-03T08:26:35,2,10.0,"[""Apple Journal"", ""Day One"", ""Rosebud"", ""Stoic""]",new,2026-09-03T08:26:35,,
https://vertexaisearch.cloud.google.com/grounding-api-redirect/AUZIYQGjuDPa5z2fgSVNTBAey03kyC6uUIaqwfsf3Ulj2FALmW78KVVUbvNKA9attYiXMadyyAV--zir0e0eEroKYq9jWSizMEdNE1y6AOh8W-PYBCAezSQcBf-SWIaZALWbghw1PjeBDpT7AzqDZlpxLYBy_nw=,therma.one,therma.one,2026-09-10T08:31:10,2026-09-14T09:16:51,2,13.0,"[""Apple Journal"", ""Day One"", ""Daylio"", ""Reflectly"", ""Rosebud"", ""Stoic""]",new,2026-09-10T08:31:10,,
https://vertexaisearch.cloud.google.com/grounding-api-redirect/AUZIYQGkZpHpbT4jLHEcm_6rV4P9B75Mcs0Zduwo_9vVVpHoXC9-f3pVA3_W59-RHCroYbJcibfq1vXGOCLP_rNrXjupuam08Ny5Apb2NJ2Clc9_OEQJ693dW2LRR7YJ1DZ6ElGIpayB,choosingtherapy.com,choosingtherapy.com,2026-10-05T10:49:16,2026-10-05T10:49:16,3,16.5,"[""Apple Journal"", ""Day One"", ""Daylio"", ""Journey"", ""Reflectly"", ""Rosebud"", ""Stoic""]",new,2026-10-05T10:49:16,,
https://vertexaisearch.cloud.google.com/grounding-api-redirect/AUZIYQGv-2UUA4zTvIWDxWG2VcTR16L9g2XrCPZrC5AbxAxPhTLAdq18q5MNX1PnBhlDU3hpReRr7goYNOlTht-yjGOhh9qZT4jxVQnzHWexqGx0-8Go-q3hvVounrocUOH7C1iSEJMrN83czxowgGE=,lound.ai,lound.ai,2026-08-16T22:46:34,2026-08-17T02:14:51,2,8.5,"[""Apple Journal"", ""Day One"", ""Rosebud""]",new,2026-08-16T22:46:34,,
https://vertexaisearch.cloud.google.com/grounding-api-redirect/AUZIYQGxk0NYxgu_-gbvAxxkfeoekUc6rk1y7MiKK4p-AJFtJ_8IpbiWQ_h63lpjC-RHkXicdmUVhH7GUoQGAugwTMQRJ5WbHSq8EmAsmfm0YlY2Iaf0hHMePYxgSjI_xDMOVrhXBAC-85Y3dDXLElRWpoaOTXKKDVw=,petsymposium.org,petsymposium.org,2026-10-08T11:05:19,2026-10-08T11:05:19,2,14.5,"[""Apple Journal"", ""Day One"", ""Daylio"", ""Journey"", ""Reflectly"", ""Rosebud"", ""Stoic""]",new,2026-10-08T11:05:19,,
https://vertexaisearch.cloud.google.com/grounding-api-redirect/AUZIYQGyZ49fD3QPgc5_GgTg05nOI-Zf8VS7Qn4OCWGDMuShPVXkgvYw3XwdEo6jFJfcX20QJC5DZi87k7QizFoxyt0FDWtfVGQUdsIUB5eVZUzbRj8V-Qyt4Sk7xEC5ka4ZAU7zsFzUr_rT1cbQg3LypvFUYIujIPwSbWDEpwn1jr8AwuH80pETLQ==,lifestance.com,lifestance.com,2026-10-08T11:05:19,2026-10-08T11:05:19,2,18.5,"[""Apple Journal"", ""Day One"", ""Daylio"", ""Journey"", ""Reflectly"", ""Rosebud"", ""Stoic""]",new,2026-10-08T11:05:19,,
https://vertexaisearch.cloud.google.com/grounding-api-redirect/AUZIYQH2mpbLUKn5BLWGRnqwwUcTr-FGeFTktQ8SOd5xuz2iUNs4OBnV7t1uG9rXctS_XeTXMt_t3IL68gkYtCY107qZlOuIGVq5y48W64bi6-OYZvecaDKf9-NSPLW9kHhzogjoi3ZlczADn1YhwrY2vSrWDMF_BZqyJN2R-SO4Eouo4Op0HaxkeJsdxf8ESxHXlawdVZBKz6fqWWOePk5VrbABsJK9dTBUn7ApgQ==,pcmag.com,pcmag.com,2026-10-01T10:33:30,2026-10-08T11:05:19,2,14.0,"[""Apple Journal"", ""Day One"", ""Journey"", ""Stoic""]",new,2026-10-01T10:33:30,,
https://vertexaisearch.cloud.google.com/grounding-api-redirect/AUZIYQH5ZwVxCBvncIw97lliJibGZQLP9ri_GET7SFN3b5Ba56AFwLFrIEEcHOOtaUofewqTBpa2soGbun3lWIcFINnHiytfG72jc8XCTK2veSLt,diariumapp.com,diariumapp.com,2026-09-24T08:52:59,2026-09-28T10:09:19,5,16.0,"[""Apple Journal"", ""Day One"", ""Daylio"", ""Stoic""]",new,2026-09-24T08:52:59,,
https://vertexaisearch.cloud.google.com/grounding-api-redirect/AUZIYQH7K8aNozU-096bZIDdQvIto5RdnnqxM5EbsPceoSOMEONAqsPhYkz6oBRcI_jKWxDMtBz9TJU3nuDvhJGXZT-58Xv2skfN975OG1eUfaOzpwe44nGaaG5PXSNvHVolGzY-v9jQ5l_A9bfkChAFFVLa2O9fne2a,rozvibe.me,rozvibe.me,2026-09-10T08:31:10,2026-10-08T11:05:19,4,12.5,"[""Apple Journal"", ""Day One"", ""Journey""]",new,2026-09-10T08:31:10,,
https://vertexaisearch.cloud.google.com/grounding-api-redirect/AUZIYQHAOt0NIIutV_uhfRQ4znyD3HnN4raXG9KvFXypq9DC_BRspS2Qvm0aa3p0b0c1vs7PlOaw0_EmZy7tcJfvMXVRLumnFkF1M9-JTmzr6tu_,diariumapp.com,diariumapp.com,2026-09-10T08:31:10,2026-09-21T09:18:37,3,13.0,"[""Apple Journal"", ""Day One""]",new,2026-09-10T08:31:10,,
https://vertexaisearch.cloud.google.com/grounding-api-redirect/AUZIYQHLG4U32_qTf_4a3pI2LMgt4iYpcvzj_lTWO2CHmui9sOLR2oPP5VAz2KhMSTN-V22rrIMUcy1c07BhcYDoP_AE5gNRb11qVSFRzVhqL2F7aUPViHvBO1-eUUsEZrmjYql7phZvjiAe_RDK8-r7sHQf8h39kFO-3IMR5TWKXiQJ,ptkd.com,ptkd.com,2026-10-01T10:33:30,2026-10-01T10:33:30,2,18.5,"[""Apple Journal"", ""Day One"", ""Daylio"", ""Journey"", ""Reflectly"", ""Rosebud"", ""Stoic""]",new,2026-10-01T10:33:30,,
https://vertexaisearch.cloud.google.com/grounding-api-redirect/AUZIYQHMINm_QBEf8OpKg1yuGSAAecgatEea6-67hZdbkHF3JWjeq2bMrTQ930Vz-1uMAqc0V_O1ze7bFEeHZKbQdIXCKRkj5DO3bzWdyN1rT8g9Oxm4kwvUo3856EPEhfMA58DmxDxdMdlXrPFL,voicetonotes.ai,voicetonotes.ai,2026-10-08T11:05:19,2026-10-08T11:05:19,2,10.0,"[""Apple Journal"", ""Day One"", ""Otter"", ""Rosebud""]",new,2026-10-08T11:05:19,,
https://vertexaisearch.cloud.google.com/grounding-api-redirect/AUZIYQHcZIVwHPsemSIf98a9bXIS3aRVWw4KNF_PHUc1R2yUswACWi42DrPF0D6bjXRfOYCAG0C9RtXuatfhSVtPP1l1D02oSvDvJN-HN9yGgjFRfefjgvrSBJ833scyhodIpasztDBPGZtZT2K1PWUhEIDOFCFfioLP-z9pFS5XdH0dA4q8p-W0Qbn7d28FbEwUfGP4deCCztTZeIY6Y_g6NYefgfpOyz5xjQOUFPTb7v2EikLVSsRIddauag==,denverwellnesscounseling.com,denverwellnesscounseling.com,2026-09-07T08:39:28,2026-09-07T08:39:28,3,19.0,"[""Apple Journal"", ""Day One"", ""Daylio"", ""Reflectly"", ""Rosebud"", ""Stoic""]",new,2026-09-07T08:39:28,,
https://vertexaisearch.cloud.google.com/grounding-api-redirect/AUZIYQHdcwlqTd0UH3wFyNGbW9bm7thbi32bPLdxHl4tmfenn5G6Z8aWmXMAPLiut1d3qla0avDevZDA95ObNwtmi9MXci8zrSn3Grg548AZiNyK4BCqwFtKLyQC_t50T2_i9IgX150JGQn-kLcynsRmcVo=,getlunarwise.app,getlunarwise.app,2026-09-10T08:31:10,2026-10-01T10:33:30,2,11.5,"[""Apple Journal"", ""Day One"", ""Daylio"", ""Reflectly"", ""Rosebud""]",new,2026-09-10T08:31:10,,
https://www.denverwellnesscounseling.com/blog/10-therapist-approved-mental-health-apps-to-support-your-well-being-between-sessions,denverwellnesscounseling.com,denverwellnesscounseling.com,2026-09-03T08:26:35,2026-09-03T08:26:35,3,19.0,"[""Apple Journal"", ""Day One"", ""Daylio"", ""Reflectly"", ""Rosebud"", ""Stoic""]",new,2026-09-03T08:26:35,,
https://www.empathdash.com/app/blog/best-journaling-apps-therapy,empathdash.com,empathdash.com,2026-09-03T08:26:35,2026-09-21T09:18:37,19,50.0,"[""Apple Journal"", ""Day One"", ""Daylio"", ""Journey"", ""Otter"", ""Reflectly"", ""Rosebud"", ""Stoic""]",new,2026-09-03T08:26:35,,
https://www.empathdash.com/app/blog/best-voice-journaling-apps,empathdash.com,empathdash.com,2026-09-07T08:39:28,2026-09-07T08:39:28,10,30.5,"[""Apple Journal"", ""Day One"", ""Daylio"", ""Otter"", ""Reflectly"", ""Rosebud"", ""Stoic""]",new,2026-09-07T08:39:28,,
https://www.holstee.com/blogs/mindful-matter/best-journaling-apps,holstee.com,holstee.com,2026-08-16T22:46:34,2026-09-24T08:52:59,22,56.0,"[""Apple Journal"", ""Day One"", ""Daylio"", ""Journey"", ""Otter"", ""Reflectly"", ""Rosebud"", ""Stoic""]",new,2026-08-16T22:46:34,,
https://www.kickstherapy.com/blog/best-journaling-apps-mental-wellness,kickstherapy.com,kickstherapy.com,2026-09-03T08:26:35,2026-09-07T08:39:28,4,21.0,"[""Apple Journal"", ""Day One"", ""Daylio"", ""Reflectly"", ""Rosebud"", ""Stoic""]",new,2026-09-03T08:26:35,,
https://www.memexlab.ai/blog/journal-app-ios,memexlab.ai,memexlab.ai,2026-09-24T08:52:59,2026-10-08T11:05:19,34,80.0,"[""Apple Journal"", ""Day One"", ""Daylio"", ""Journey"", ""Otter"", ""Reflectly"", ""Rosebud"", ""Stoic""]",new,2026-09-24T08:52:59,,
https://www.memexlab.ai/blog/journal-app-without-account,memexlab.ai,memexlab.ai,2026-08-16T22:46:34,2026-08-31T10:43:19,7,21.5,"[""Apple Journal"", ""Day One"", ""Journey"", ""Rosebud"", ""Stoic""]",new,2026-08-16T22:46:34,,
https://www.memexlab.ai/blog/local-llm,memexlab.ai,memexlab.ai,2026-09-14T09:16:51,2026-09-21T09:18:37,21,53.5,"[""Apple Journal"", ""Day One"", ""Reflectly"", ""Rosebud"", ""Stoic""]",new,2026-09-14T09:16:51,,
https://www.personal.ai/insights/ai-digital-twins-the-future-of-personal-knowledge-management,personal.ai,personal.ai,2026-08-16T22:46:34,2026-08-17T02:14:51,6,16.5,"[""Apple Journal"", ""Day One"", ""Rosebud""]",new,2026-08-16T22:46:34,,
https://www.personal.ai/pi-ai/optimize-your-content-with-personal-ai,personal.ai,personal.ai,2026-08-17T02:45:52,2026-08-31T10:43:19,7,18.5,"[""Apple Journal"", ""Day One"", ""Rosebud""]",new,2026-08-17T02:45:52,,
https://www.reddit.com/r/LocalLLM/comments/1ox4dzp/built_a_journaling_app_that_runs_ai_locally_on/,reddit.com,reddit.com,2026-09-07T08:39:28,2026-09-14T09:16:51,61,138.0,"[""Apple Journal"", ""Day One"", ""Daylio"", ""Journey"", ""Otter"", ""Reflectly"", ""Rosebud"", ""Stoic""]",new,2026-09-07T08:39:28,,
https://www.reddit.com/r/appleJournal/comments/1dcvnsv/apple_journal_ios_18_updates/,reddit.com,reddit.com,2026-09-17T09:04:08,2026-09-17T09:04:08,75,162.0,"[""Apple Journal"", ""Day One"", ""Daylio"", ""Journey"", ""Otter"", ""Reflectly"", ""Rosebud"", ""Stoic""]",new,2026-09-17T09:04:08,,
https://www.reddit.com/r/dayoneapp/comments/1nb5fu1/day_one_or_apple_journal_for_new_user/,reddit.com,reddit.com,2026-10-08T11:05:19,2026-10-08T11:05:19,126,264.0,"[""Apple Journal"", ""Day One"", ""Daylio"", ""Journey"", ""Otter"", ""Reflectly"", ""Rosebud"", ""Stoic""]",new,2026-10-08T11:05:19,,
https://www.reddit.com/r/digitaljournaling/comments/1lf7x6u/gratitude_or_journaling_app_that_is_pay_once_flat/,reddit.com,reddit.com,2026-08-16T22:46:34,2026-08-31T10:43:19,29,68.5,"[""Apple Journal"", ""Day One"", ""Daylio"", ""Journey"", ""Otter"", ""Rosebud"", ""Stoic""]",new,2026-08-16T22:47:41,,
https://www.reddit.com/r/iosapps/comments/1u7s71c/best_ai_journaling_app_with_highquality_voice/,reddit.com,reddit.com,2026-09-21T09:18:37,2026-10-05T10:49:16,116,244.0,"[""Apple Journal"", ""Day One"", ""Daylio"", ""Journey"", ""Otter"", ""Reflectly"", ""Rosebud"", ""Stoic""]",new,2026-09-21T09:18:37,,
https://www.reddit.com/r/reactjs/comments/1qzvpr9/i_built_a_fully_offline_privacyfirst_ai/,reddit.com,reddit.com,2026-09-03T08:26:35,2026-09-03T08:26:35,21,52.5,"[""Apple Journal"", ""Day One"", ""Daylio"", ""Journey"", ""Reflectly"", ""Rosebud"", ""Stoic""]",new,2026-09-03T08:26:35,,
https://www.reflection.app/best-journaling-apps-compared/apple-journal-vs-day-one,reflection.app,reflection.app,2026-09-03T08:26:35,2026-09-03T08:26:35,5,17.5,"[""Apple Journal"", ""Day One"", ""Journey"", ""Rosebud"", ""Stoic""]",new,2026-09-03T08:26:35,,
https://www.reflection.app/best-journaling-apps-compared/apple-journal-vs-diarium,reflection.app,reflection.app,2026-09-07T08:39:28,2026-09-14T09:16:51,15,39.0,"[""Apple Journal"", ""Day One"", ""Journey"", ""Reflectly"", ""Rosebud"", ""Stoic""]",new,2026-09-07T08:39:28,,
https://www.reflection.app/blog/ai-journaling-apps-compared,reflection.app,reflection.app,2026-08-16T22:46:34,2026-10-08T11:05:19,22,56.0,"[""Apple Journal"", ""Day One"", ""Daylio"", ""Journey"", ""Otter"", ""Reflectly"", ""Rosebud"", ""Stoic""]",new,2026-08-16T22:46:34,,
https://www.rosebud.app/blog/best-journaling-apps-for-adults-in-therapy,rosebud.app,rosebud.app,2026-09-24T08:52:59,2026-10-08T11:05:19,42,94.5,"[""Apple Journal"", ""Day One"", ""Daylio"", ""Journey"", ""Reflectly"", ""Rosebud"", ""Stoic""]",new,2026-09-24T08:52:59,,
https://www.rosebud.app/blog/top-6-ai-journaling-app-for-mental-wellness,rosebud.app,rosebud.app,2026-09-03T08:26:35,2026-09-21T09:18:37,25,60.5,"[""Apple Journal"", ""Day One"", ""Daylio"", ""Journey"", ""Reflectly"", ""Rosebud"", ""Stoic""]",new,2026-09-03T08:26:35,,
https://www.vowise.com/blog/best-voice-journal-apps-2026/,vowise.com,vowise.com,2026-08-16T22:46:34,2026-08-31T10:43:19,7,24.0,"[""Apple Journal"", ""Day One"", ""Otter"", ""Rosebud""]",new,2026-08-16T22:46:34,,
https://zapier.com/blog/best-journaling-apps/,zapier.com,zapier.com,2026-08-16T22:46:34,2026-08-17T02:14:51,3,17.5,"[""Apple Journal"", ""Day One"", ""Daylio"", ""Journey"", ""Rosebud""]",new,2026-08-16T22:46:34,,
